91,144,157,144,139,104,72,98,41,80,164,101,163,63,195,166,26,113,29,49,63,26,9,101,95,109,119,67,79,0,13,65,58,41,108,51,20,95,183,95,143,24,144,173
22,117,77,92,99,27,134,118
117,187,24,10,48,156,116,112,127,16,108,65,160,18,33,162,10,173,101,73,179,154,34,159,121
23,76,58,177,66,161,80,9,185,87,59,76,166,134,3,175,149
137,26,119,5,60,104,146,59,3,123,53,156,199,4,124,3,15,124,147,177,191,159,105,126,18,136,104
62,114,192,195,18,64,166,95,101
42,142,125,122,44,33,160,188,6,67,178,137,114,115,148,133,63,53,29,151,91,60
169,98,33,195,100,141,62,100,56,45,92,34,48,65,145,122,109,106,13,68,107,197,99,127,178,35,51,67,185,90,173,156,98,2,175,71,125,58,74
184,174,94,20,152,85,47,45,5,168,34,55,61,98,63,41
189,54,185,152,9,76,87,97,65,70,160,65,156,20,37,189,74,144,195,175,154,194,58,150,126,103,63,33,170,33,137,138,101,7,99,9,174,151,62,55,83,9,32,131,118
107,115,12,65,102,59,36,99,152,28,10,194,57,82,105,62,21,17,8,135,42,74,41,110,41,163,109,108,104,2,181,183,10,52,199,62,53,19,30,136,154,179,146,47,196,162,25,56
65,95,131,44,173,192,182,21,160,46,100,172,179,16,9,186,165,131,181,166,149,81,84,151,82,119,165,101,21,153,89,11,164,178,18,106,177,29,153,20,141,68,160
97,168,118,144,194,132,179,183,57,150,85,123,87,83,88,98,177,93,28,32,120,192,35,71,14,147,176,7,92,108,86,34,119,66,57,173,131,40,163,48,137,139,15,16,76
22,44,122,146,185,98,132,130,173,78,80,121,103,64,59,2,183,39,164
58,144,145,97,19,176,129,12,116,150,30,161,127,174,157,170,42,160,183,165,143,99,113,18,62,13,172,23,136,38,110
124,114,156,95,45,100,54,130,43,17,88,119,80,133,145,83,101,77,49,103,105,61,184,66,15
174,81,134,148,190,117,110,81,196,29,6,162,54
104,191,88,32,189,161,104,133,99,27,173,138,52,136,66,34,39
35,131,125,26,13,41,144,79
10,174,102,117,170,81,62,139,114,97
36,193,124,78,58,14,20,92
144,153,124,126,193,46,53,167,173,70,193,70,192,171,3,84,52,142,165,82,121,171
184,98
63,47,180,110,117,116,89,13,78,56,92
192,136,164,101,177,10,39,37,32,22,154,28,139,159,156,195,116,149,61,136,166,25,114,90,125,43,63,118,116,107,42,97,33,97,68,132,38,176,7,174,168,157,142,67
34
186,92,17,108,164,66,104,179,53,149,80,29,141,139
19,112,176,54,133,114,168,153,186,58,74,55,105,182,111,30,94,114,54,129,114,34,25,41,9,137
21,92,179,153,17,57,70,86,74,120,41,160,123,12,166,68,170,77,148,68,88,122,7,53,103,41,152,39,9,139,22,111,173,158,195,64,30,101,65,44,48,179,24,145,2,8,92,133,98
110,27,114,105,146,192,130,20,62,133,156,98,148,44,61,168,97
20,43,183,61,184,89,3,87,185,120,39,4,114
153,8,80,176,68,23,103,93,2,14,42,96,97,188,70,51,153,10,43,138,46,159,50,110,90,41,6,57,12,118,59,24,163,22,46,181,21,151,109,172,93,5,125,93
161,189,142,151,159,62,193,177,36,149,28,71,111,109,146,8
24,73,58,82,152,79,120,91,45,14,194,168,142,112,7,80,72,174,114,164,106,177,150,1,18,46,174,120,17,5,129,176,23,115,107,55,48,73,111,156,98,189,87,136,2,147,110
148,140,40,180,54,133,26,169,77,189,187,185,7,146,10,136,166,194,106,10,136,14,155,188,8,41,119,48,25,65,41,8,143,173,104,187
17,42,60,100,174,32,1,60,130,167,27,32,29,75,81,167,47,84,63,121,165
102,73,148,24,34,195,5,63,158,81,165,72,108,185,14,185,5,44,123,198,133,159,91,149,175,122,152,170,85,137,79,93
166,58,35,189,10,117,49,108,125,17,52,27,178,121,125,166,167,174,150,39,47,49,147,160,196,180,153,172,42,104,193,11,192,197,178,150,181,17,182,154,23,49,69,60,53,77,61
142,99,167,182,22,109,39,45
12,149,89,99,184,107,40,57,164,140,199,54,179,30,31,112,176,140,138,150,18,194,109,30,58,68,184,33
52,155,139,95,158,78,113,6,14
87,33,14,30,173,137,144,34,120,13,3,28,29,157,104,149,176,160,74,137,125,82,44,177,46,183,94,65,152
160,97,29,71,151,199,64,188,81
142,151,94,179,99,7,183,158,44,128,29,130,31,74,86,5,49,142,135,159,180,138,179,140,123,116,118,73,89,185,167,189,46,30,177,130,72,66,169,141,75,131,8,86,19,54,165,46,111
176,38,178,133,75,8,38,171,142,4,176,45,55,69,56,102
0,178,196,16,107,53,118,136,75,141,29,135,93,2,163,81,64,182,90,139,7,163,92,48,41,176,81,155,13,74,118,81,192,0,12,52,41,58,37,133,188,175,106,72,3,90
118,142,159,106,6,108,51,147,86,131,21,44,137,197,29,9,146,1,39,96,103,76,14,45,33,11,84,182,31,181,166,131,9,25,2,52,88,45,114
18,39,171,182,36,88,162
40,99,147,83,45,96,151,92
126,168,181,73,176,47,155,55,142,112,143,10,84,125,110,65,43,155
60,90,123,146,118,78,127,24,63,10,80,4,194,21,79,18,155,186,5,115,86,69,84,77,31,180,36
156,107,122,98,184,34,68,21,47,174,0,118,44,141,180,99,53,92,166,53,9,109,20,173,25,60,87,39,184,124,55,161,78,110,198,130,1,186,181,128,67,90,75,88,108,87,149,61
48,122,169,170,65,104,132,156,159,59,111,6,5,195,166,96,22,161,22
3,14,109,119,110,152,122,129,120,81,84,166,121,6
47
89,58,84,140,70,124,72,50,165,89,151,98,195,145,118,0,19,127,136,163,83,148,83,164,59,12,123,150,190,160,182,181,148,28,129,6,80,86,27,110,183,123,12
43,163,171,140,108,192,37,186,104,96
97,3,172,84,141,194,107,87,121
132,41,144,34,52,197,36,180,2,143,18,146,53,25,112,182,38,92,126,98,155,35,81,164,93,162,105,188,131,12,59,165,62,52,57,110,132,123,82,65,38,130,129,34,53,102,172,110
32
114,181,127,41,71,169,35,106,8,187
138,177,44,142,113,124,120,161,23,52,117
51,68,37,195,132,161,41,86,196,34,4,2,195,168,28,35,82,62,24,151,27,173,112,115,17,22,161,108,174,141,106
125,81,31,73
108,81,133,24,148,34,109,84,80,101,112,101
116,22,37,147,152,120,190,53,84,113,157,107,82,16,108,102,170,155,112,7,149,110,174,153,77,181,27,25,36,41,70,13,20,118,31,98
97,122,18,150,38,100,137,195,62,60,42,153,96,185,87,59,12
30,28,137,174,137,179,150,124,24,48,150,102,164,171,170,182,147
66,53,118,65,45,27,65,42,79,64,171,143,193,185,112,155,146,43,45,91,186,90,59,81,111,34,197,99,8,70,79,196,121,26,82,144,62,140,107,147,34,177
52,35,194,49,107,131,97,58,61,14,192,32,99,83,34,114,23,44,131,68,96,120,58,113,168,2,6,149,115,25,2,135,190,97
144,127,172,47,44,117,108,26,94,103,153,126,3,74,28,92,33,132,109,72,62,166,56,115,50,198,88,148,177,12,1,148,88,100,153,106,194,157,46,30,131,75
90,29,160,25,68,149,112
22,17,100,190,147,182,160,177,172,142,14,46,11,181,20,34,158,50,128,71,123,85,187,61,195,185,45,42,102,187,149,153,195,29,17,102,21
154,142,187,118,105,146,101
1,18,50,68,20,78,170,22,101,98,188,180,77,108,0,123,83,43,140,127,138,122,89,155,185,123,4,5,190,24,67,26,134,190,88,193,83,107,23,102,167,115,157,130,184,198,131,173,136
100,28,156,67,108,68,166,27,33,83,14,85,178,191,6,126,134,131,57,28,63,51,42,167,183,72,160,113,89,18,72,42,127,192,191,45,177,29,160,197,99,51,5,67,93,97,133,197,62
7
193,32,121,129,56,140,22,100,32,0,167,6,145,19,101,156,28,167,5,183,133,2,163,89,118,162
97,144,199,18,78,174
190,45,139,16,49,96,191,113,160,28,95,11,125,194,189,46,107,63,97,42,183,199,1,112,170,97,53,50,138,172,146,66,191,171,3,161,188,12,66
102,132,179,125,74,4,20,100,145,65,116,143,43,23,39,151,97,199,46,101,118,166,76,173,23,146,58
28,20,111,197,158,128,4,103,30,39,174,37,134,189,34,115,77,50,56,196,126,87,120,165,112
167,153,156,10,143,137,10,140,191,2,140,106,7,71,67,38,183,136
10,88,84,150,195,95,38,7,14,51,42,10
189,103,74,90,129,146,182,116,39,11,100
26,43,52,66,10,95,31,188,85,154,78,180,156,68,20,82,15,27,96,101,53,114,112,130,181,110
162,35,169,0,173,47,178,176,164,156,199,148,138,46,28,93,79,66,111,88,56,35,30,142,55,28,12,124,42,132,49,193,179,6,174,115,84,90,116,152,117,182,16,162,124,148,5,116
117,56,63,0,66,20,22,66,136,161,117,68,188,101,68,150,32,194,71,73,132
123,185,144,100,165,9,71,44,180,172,157,36,180,148,154,16,162,45,74,3,152,185,67,155,33,82,170,32,1,134,148,196,195,41,175,71
46,132,164,94,99,27,64,48,137,147,143,60,63,69,29,6,182,112,176,16,190,21,162,108,124,48,169,196,48,121,173,121,15,40,79
103,3,198,107,13,190,47,125,24,93,100,54,196,79,152,196,2,84,88,140,68,126
194,39,19,105,98,80,94,97,164,111,176,22,13,134,96,4,158,37,163,2,9,4,80,144,102,91,184,33,18
146,168,49,83,76,81,78,54,10,191,187,31,93,118,133,177,91,59,134,57,81,109,13,94,123,43,195,129,30,120,61,158,21,93,46,83,195,88,68,151
186,87,53,181,183,154,61
158,2,138,120,34,160,134,103,63,59,170,109,65,161,63,193,154,25,128,88,45,13,8,113,50,46,102,82,73,147,191,72,143,10,165,186,76,68,96,157,36,21,150,199
124,158,65,166,114,78,196,113,195,184,121,140,3,111,62,42,119,151,101,49,152,157,187,102,43,77,98,193,70,179,185,132,109,179,124,103
173,182
4,147,59,73,163,49,85,72,174,149,109,114,22,183,81,119,142,179,29,136,0,31,95,61,106,112,43,24,146,95,109,47,132,166,21,72,195,140,199,139,150,181,10,134,84,112,156,119
62,199,141,186,79,139,52,58,22,146,152,189,105,121,25,179,35,161,69,156,102,114,10,158,166,143,24,78,16,159,66,130,64,38,143,139,88,50,39,71,164,95,113,102,47,139,134
25,193,180,26,140,84,67,36,116,34,161,22,128,170,27,153,64,33,159,7
149,103,14,132,176,136,33,55,50,158,134,1,118,56,113,18,79,191,55,190,80,178,12,141,167,36,55,14,2,92,27,118,112,96,191,16,40,129,75,197,20,190,158,195
38,80,30,145,176,161,146
111,193,104,112,157,154,147,164,157,3,168,142,118,138,181,151,181,76,9,119,145,89,135,93,133,50,51,65,26,92,64,124,70,39,94,23,163,119,91,172,167
88,65
24,176
126,80,159,33,156,178,90,172,182,54,198,116,193,56,162,76,40,0,99,107,153,156,157,49,76,143,33,141,53,13,188,127,122
11,102,139,174,113,171,16,11,111,144,49,7
68,38,5,25,1,121,2,24
41
48,72,198,52,6,14,72,51,166,100,21,12,127,47,4
63,178,154,196,138,0,64,5,95
142,112,68,163,95,100,75,92
42,125,80,90,5,121,148,144,129,120,193,150,96,154,106,179,57,83
53,186,1,152,186,185,186
76,137,97,71,89,139,29,68,46,107,13,68,154,24,67,185,62,21,26,72,44,175,194,127,15,34,113,147,128,61,24,158,129,58
44,174,109,26,85,42,183,144,51,96,141,173,61,91,186,41,193,182,9,29,64,50,183,154,83,97,162,62,102,106,131
30,8,12,9,46,188,92,100,171,68,119,173,51,124,96,169,45,40,103,71,158,42,177,43,30,49,38,54,198,39,140,47,83,67,77,112,73
14,42,95,162,92,111,136
27,32,41,169,119,181,31,162,197,177,93,9,132,13,180,167,2,110,86,57,147,142,12,64,8,94,167,166,192
129,108,103,18,98,57,78,174,199,127,57,168
45,44,140,14,3,95,74,6,177,184,79,37,47,41,141,87,90,127,14,129,146,108,159,53,159,9,63,23,151,27,178,53,13,5,105,75,152,143,78,95,21,106,165
21,85,176,41,57,165,144,71,17,130,126,73,172,151,102,126
99,38,140,92,35,55,191,172,11,31,44,117,49,176,160,3,51,170,23,111,157,14,34,161,5,17,58,191,154,137,102
112,149,99,192,124,146,130,136,115,33,28,63,122,149,148,46,59,13,42,129,101,125,96,33,92,114,27,151,42,47,35,117,17,95,173
18,165,104,124,33,15,129,161,186,156,155,134,148,127,144,33,134,196,151,45,113,130,116,77,37,49,149,199,87,198,98,151,48,26
30,33,160,112,21,129,4,174,42,143,109,75,174,60,190,45,148,21,11,187,162,188,196
189,0,142,112,75,25,76,98,2,161,30,106,34,36,3,134,92,117,108,112,27,114
160,2,88,178,81,45,23,25,20,38,116,195,137,109,155,121,149,150,11,160,106,46,17,14,172,87,33,37,171,123,47,146,199,122,28,180,79,44,85,184,2,136,83,51,174,128
16,125,174,51,8,105,21,16,64,161,36,0,18,32,71,133,8,13,156,152,175,92,40,99,5,156,111
198,158,50,61,54,18,105,147,184,84,122,171,49,47,192,191,3,184,77,196,15,45,8,85,164,1,166,0,166,175
169,29,73,162
0,193,132,10,101,182,11,117,123,136,95,42,27,60,85,157,86,123,36,125,13,117,86,137,101,175,12,105,103,71,68
49,188,26,178,52,2,12,175,126,3,192,146,133,32,180,32,181
59,144,190,26
127,2,172,70,111,18,40,65,133,91,180,161,89,0,135,46,66,127,40,109,192,178,146,104,57,13,166,57,165,113,3,109,86,115,144,196
23,32,63,40,19,84,22,90,196,36,26,156,144,65,52,107,98,58,160,96,125,155,41,172,81,187,57,128,60,195,21,29,94,117,90,186,39,191,63
125,42,19,5,43,193,183,169,157,184,98,4,144,57,52,144,118,97,52,106,139,179,150
5,86,33,75,53,169,103,9,1,199
21,125,148,103,176,14,147,119,14,191,178,31,48,122,116,153,96,27,137,42,179,152,32,68,30,108,23,12,42,190,151,163,50,148,197,25,3,16,107,99,67,173,100,91
169,197,163,44,30,41,15,179,103,93,55,38,112,151,93,38,124,160,199,55,98,190
60,97,63
1,99,170,140,189,32,137,82,60,55,50,46,134,7
151,79,93,65,23,78,173,183,121,116,144,83,66,8,54,55,33,154,139,66,124,87,76,145,65,127,133,123,99,4,121,102,21,27,110,170,118
187,10,15,55,199,187
187,74,143,21,177,8,13,143,142,117,141,22,193,181,119,98,100,40,177,24,131,49,180,182,148,130,111,140,107,4,94,156,106,181,145,194,26,84,152,150,111,173,58,185,102,74,49
94,127,157,28,0,127,91,79,34,101,31,152,161,186,50,1,83,94,87,129,94,49,38,189,196,69,166
158,36,147,111,136,121,136,137,80,90,76,93,46,53,147,90,139,6,170,67,183,46,163,82,122,50,150,156,166,115,175,133,26,169,93
10,26,177,43,65,164,106,131,132,183,197,157,96,195,17,66,142,87,162
66,40,45,146,23,27,117,179,169,80,12,11,121,141,6,38,19,156,135,112,62,6,53,5,105,188,89,34,111,36,45,180,116,70,78,49,89,62,100,34
196,77,51,12,124,81,30,196,63,60,88,52,154,57,119,159,188
43,56,99,189,104,153,40,169,146,79,119,70,18,33,139,13,195,190,110,133,57,147,68,103,166
28,21,38,152,20,109,114,102,127,169,4,153,163,155,143,29,155,182,132,12,162,80,107,178,164,60,120,60,70,162,82,109,181,116,192,176,98,89,115,131,17,106,12
96,156,107,33,59,133,180,62,66,1,143,47,39,181,184,193,133
178,19,69,145,167,112,32,115,140,128,37,60,11,2,159,163,20
130,122,118,73,20,61,142,127,150,114,186,165,97,114,73,176,29,104,4,24,56
124,194,39,124,128,125,87,33,162,140,146,138,157,56,98,61,99,123,129,70,78,83,130,128,19
24,90,26,59,170,14,136,16,48,110,76,25,95,143,111,88,11,76,132,72,121,148,125,187,0,150,70,13,177,193,72,124,66,70,30,173,114,164,197,69,111,93,84,85,39,56,169
149,140,108,166,197,47,162,175,142,196,5,52,23,140,70,92,32,2,137,161,132,21,115,92,97
123,49,126,165,130,49,133,10,96,115,37,157,134,66,169,62,18,88,36,123,51
8
127,0,141
83,85,43,163,149,101,97,33,62,89,173,146,103
117,71,87,49,198,113,160,162,116,8,16,144
103,10,132,189,113,8,99,142,161,72,39,89,9,144,174
45,125,17,54,109,57,142,91,49,9,109,188,137,47,186,81,50,13,166,79,27,172,129,180,183,118,194,101,5,127,102,20,25,180,77,143,97,197,98,120,190,67
191,25,132,57,12,10,114,181,144,180,48,78,108,148,123,38,129,179,3,174,34,134,196,109,114,58,130,103,9,150,121,154,120,93,136
44,123,105,69,60,136,31,4,11,0,55,66,2,118,72,157,179,5,165,54
69,129,99,184,189,61,81,123,155,117,58,70,62,40,82,11,142,130,159,9,56,165,101,142,54,43,15,148,66,102,107,169,132,20,167,26,161,128,27,89,60,130,158
124
23,117,64,39,152,145,174,34,132,70,128,19,110,21,140,40,146,139,36,39,176,74,181,110,88
161,82,116,172,198,87,18,88,152
107,53,104,57,157,50,105,46,3,141,12,54,165,9,71,143,123,40,109,98,13,186,93,28,43,24,197,77,31,68,121,123,192,32,87,24,190,92,51,52
98,143,10,89,48,173,133,51,176,78,10,49,50,10,53,170,97,75,174,178,35,113
175,112,91,177,28,33,159,92,75,82,91,148,149,195,110,40,92,113
155,166,37,138,148,30,163,48,113,192,156,172,28,144,46,105,57,43,180,24,11,16,106,40,93,23,70,196,2,192,89,113,41,1,48,4
199,159,30,124,4,1,173,100
39,94,71,137,81,184,170,111,16,187,39,132,119,95,109,25,6,113,0,82,40,54,30,146,2,86,26,167,12,8,198,120,163,137,163,154,37,160,109,107,150,12,128,127,41,32,5,93
50,80,48,180,192,41,91,19,199,99,143,130,37,29,162,38,115,160,172,114,38,139,56,15,123,125,5,51,168,161,140,81,79,65,54
8,101,22,160,130,193,81,193,44,162,106,43,108,104,165,105,182,166,183,91,104
117,21,81,22,139,117,99,73,127,28,122,29,87,76,81,121,26,172,159,37,175,21,199,36,45,22,59,147,196,16,28,199,21,160,36,74,51,188,43,92,123
66,29,162,15,42,124,102,43,151,176,177,179,195,120,119,134,166,180,103,92,88,198,190,3,189,66,43,110
97,19,127,170,12,102,91,88,74,107,136,94,156,108,96,29,161,121,2,49,124,109,186,89,31,106,146,119,192,71,30,33,149,142,153,78,36,160,69,77,12
185,73,137,164,47,174,187,90,110,101,34,170,44,193,119,0,164,165,180,164,187,35,133,160,119,150,10,29,85,171,89,199,153,100,28,168,178,147,21,145,137,177,132,90
68,10,92,16,80,187,11,102,141,67,144,120,136,113,112,188,25,22,31,87,8,103,62,34,120,171,101,32,155,162,45,103,6,86,106,99,170,115,112,166,50,145,61,122,178,27,8,73,23
159,197,20,51,198,84
127,133,74,58,45,134,99,151,43,1,102,170,92,108,84,108,13,118,197,26,57,111,181,67
135
78,94,157,116,90,18,106,168,90,105,162,49,74,126,142,7,14,183,181
119,13,150,106,134,98,146,69,149,137,80,37,23,180,124,102,123,39,93,111,140
43,77,186
119,120,54,103,11,47,192,160,192,113,199,58,64,90
194,28,32,193,188,76,172,186,95,25,155,104,189,162,94,9,49,116,20,106,169,165,171,31,100,175,117,190,160,123,145,190,9
36,173,116,105,112,179,14,193,124,138,16,92
94,48,174,135,185,20,66,67,33,17,139,55,49,170
83,146,58,52,173,83,176,70,84,63,74,138,12,55
135,118,101,139,198,113,54,49,106,160,7,155,175,27,154,149,146,81,165,195,165,3,183,74,123,55,186,33,180,128,33,42,171,154,188,38,18,165,157,8,95,154
127,150,87,89,144,87,105,33,125,66,156,106,93,184,97,158,155,70,91,74,63
126,55,150,164,13,32,25,102,184,65,39,132
88,190,44,48,172,110,147,108,110,157,59,158,162,140,69,176,147,194,75,46,1,112,138,69,181,173,126,12,72,123,52,141,65,3,27,170,186,175,127,49,178,66
55,197,106,184,190,43,62,142,11,103,164,45,121,159,75,48,38,14,156,0,92
163,192,70,101,170,136,51,166,125,151,23,137,10,25,75,97,55,153,116,169,96,132,124,142,84,182,175,164,155,162,5,13,62,49,198,99,41,127,71,21,128,154,13,196,92,194,182,6
69,116,132,69,71,44,0
47
31,61,87,131,33,58,36,172,48,53,49,159,29
116,74,6,151,33,26,152,137,28,55,48,162,50,31,175,87,192,81,12,102,26,148,184,166,72,20,89,190,59,168,115,171,144,183,93,190,107,177,181
63,21,46,98,141,178,196,71,182,25,36,150,31,53,87,184,134,131,185,132,142,96,2,61,154,165,118,109,183,106,160,121,35,56,43,114,100,26,62,15,60,2,46,17
196,145,103,123,147,145,69,59,108,15,83,86
41,157,115,76,195,181,180,82,112,83,142,171,37,77,128,175,1,185,63,194,108,157,35,154,69,164,105,29,61,72,160,86,31,186,43
11,190,32,85,68,119,124,93,69,179,6,183,115,145,50,61,156,166,180,86,160,136,195,121,21,89
35,140,163,62,55,107
20,89,38,64,197,122,178,65,150,1,70,43,9,37,55,38,104,30,10,153,31,79,129,54,103,155,101,190,53,113,58,115,164,8,154
127,64,50,47,152,135,167,185,10,49,173,133,28,25,83,68,122,134,138,76,100,110,29,157,133,78,145,60,191,40,22,136,20,149,184,97,134,142,139,120,96,3,60,42
122,98,25,95,121,63,163,29,176,108,158,137,52,136,135,102,38,172,143,183,30,182,101,188,16,42,46,92,65,122,119,106,118,154,131,1,82,163,142,180,80,108,57,97,36,133,93
174,47,5,78,8,74,198,51,168,111,51,145,172,110
167,42,79,184,153,92,40,177,40,52,111,121,92,5,163,145,66,172,51,180,101,12,119,29,135,35,195,120,150,151,175,90,28,159,11,53,36,15
136,141,36,84,86,33,7,127,36,39,53,108,2,7,100,161,105,43
35,54,38,10,79,88,17,172,32,2,27,156,189,20,163,14
166,137,115,86,166,62,188,91,103,102,153,195,133,194,119,134,171
144,33
138,39,146,49,193,161,198,19,186,167,22,77,97,65,118,99,185,40,163,183,181,161,44,191,46,162,174
7,111,48,199,152,35,174,40,80,198,126,15,40,199,53,194,103,102,80
163,182,162,62,75,177,85,83,54,114,187,46,40,116,171,4,27,197,160,94,130,97,195,34,5,84
130,4,9,97,40
38,24,105,31,111,83,94,81,103,158,70,97,38,115,4,94,39,76,74,78,34,10,26,152,87,149,5,41,56,95,137,100,79,64,182,83,0,33,67,77,38,199,126
193,138,1,120,27,82,124,105,138,170,7
125,2,63
25,31,14,149,69,117,29,54,133,16,152,163,19,9,127,4,154,197,128,129,191,78,181,96,0,178,189,87,11,152,126,8,89,39,70,168,61,161,15,81,118,124,100,1,13,158,3
9,109,125,94,117,79,165,114,4,82,41,21,193,48,191,1,170,145,135,25,91,170,51,64,188,34,11,52,130,60,115,27,148,3,66,22,80,143,195,37,76,185,0,7,129,76,190,128
199,18,164,113,41,51,4,105,174,152,175,165,114,3
196,120,92,56,163,170,198,117,31,129,108,181,152,129,61,75,104,15,35,16,141,93,145,61,187,127,63,127,193,77,51,188,156,90
140,62,149,77,148,32,130,178,51,190,122,85,186,82,16,7,3,190,8,153,118,7,71,28,6,98,89,9,169,10,180,89,176,29,37,6,57,139,23
115,73,158,144,135,197,139,110,49,189,118,48,195,98,141,105,161,72,134,70,72,62,49,77,119,181,120,143,182,180,21,116,12,74,80,78,21,196,69,66,68,14,175
66,84,158,51,196,115,95,45,43,182,99,61
8,41,4,170,173,118,113,106,159,102,137,29,154,12,45,156,90,186,134,34,156,136,49,147,19,21,6
72,55,99,36,11,0,156,43,92,94,87,155,62,134,9,198,177,118,12,180,118,45,147,42,55,165,17,31,173,110,8,7,158,133,156,4,196,90,2,95,87,135
124,193,46,152,177,179,71,104,74,130,35,164,26,174,159,86,114,187,135,191,42,183,94,189,30,50,126,130,64,111,96,178,158,90,113,98,161,195,77,139,77,197,123,126,99,49
37,131,16,27,149,9,21,146,170,124,19,4,115,0,153,156,167,169
26,102,119,89,164,9,129,10,83,6,149,85,9,167,99,1,31,4,150,24,105,195,68,87,42,171,29,104,37,48,22,81
63,62,51,161,171,122,58,37,88,118,82,161,101,151,199,195,182,3,95,108,118,70,164,169,35,144,7,133,4,82,42,192,69,36,65,155,53,4,140,160,23
42,58,98,45,78,159,73
134,197,80,147,196,160,143,70,159,193,112,25,168,91,6,195,70,137,43,108,3,199,32,11,8,74,89,90,43,185,104,5,160
169
30,101,81,34,141,50,153,65,70,158,106,140,98,70,103,180,64,78,192,62,23,145,13,176,54,178,140,64,22,160,138,198,68,116,162,14,97,133,125,67,115,46,20
26,92,152,134,71,2,115,149,183,185,79,11,65,174,74,117,112,178,162,4,197,193,89,132,55,109,176,187,100,123,187,193,62,12,165,2,183,170
126,20,130,145,68,113,188,184,144,102,32,129,88,8,37,195,196,165,62,35,124,109,56,88,95,136,70,163,67,20,193
187,190,175,86,65,99,184,75,69,166,117,35,142,26,194,123,121,104,110,59,176,93,17,29,33,77,119,47,78,20,97,42,33,154,63,114,58,179,143,139,15,137,87,59,163,194,14,36,188
2,94,110,100,27,69,167,180,183,152,40,193,182,150,21,154,142,58,165,89,173,125,36,186,114,47,194,183,91,138,135
77,67,1,95,108,70,54
151,146,13,6,54,190,178,112,10,122,12,178,191,167,199,56,155,160,82,108,166,35,93
96,158,140,103,148,168,57,34,101,163,24,7,9,193,100,39,51,58,135,90,39,27,37,184,42,4,57,116,15
17,128,20,58,7,146,177,164,133,43,0,13,104,44,178,192,170,193,199
116,46,23,164,117,75,12,115,67,167,160,37,159,134,166,75,45,80,82,115,130,125,183,120,61,116,101,121,49,140,84,3,108,116,174,52,75,91,137,193,148,10,195,19,172,150
44,136,189,146,71,77,21,176,7,5,120,64,128,87,54,49
95,138,158,157,161,183,167,70,59,22,9,132,19,119,82,77,97,170,162,92,47,140,125,102,19,98,78,20,197,133,20,100,116,26,139,108,170,59,155,48,33,29,183,8,141,55
107,37,165,151,195,78,192,95,137,29,58,57,17,140,20,70,105,136,19,4,23,49,4,164,156,193,49
144,167,175,142,15,142,180,10,191,99,161,86,68,70,155,134,138,196,180,22,85,144,198,132,111,97,153,109
19,142,132,95,138,88,169,198,196,78,56,59,9,166,117,71,123,27,171,166,32,27,16,186,80,63,125,181,42,90,45,186,19,180,22,48,194,119,102,132,5,148,109,144,133
166,178,89,161,34,195,28,111,83,118
101,77,100,187,159,69,135,185,114,181,178,121,36,195,85,6,7,73,112,46,175,49
140,7,163,136,183,145,74,155,137,78,128,53,33,59,91,84
45,147,41,53,27,32,59,195,5,126,7,86,137,6,189,194,17,113,70,46,61,189,57,44,130,107,87,118,5,29,173,124,7,185,30,0,108,13,157,93
133,32,75,83,164,146,145,54
103,134,101,25,15,137,94,136,146,18,151,68,149,59,62,68,51,44,131,126,98,47,54,169,4,142,164,186,158,102,52,48,0,34,0,157,72,116,146,120,53,115,192,32,21
106,60,82,191,180,177,164,17,7,5
64,15,26,137,131,27,158,88,1,79,195,77,104,148,157,187,170,17,61,73,30,121,62,47,107,128,136,122,104,168,199,130,35,136,18,63,90,99
70,22,7,186,49,195,199,124,146,92,197,110
135,168,90,172,54,81,15,39,51,85,81,196,93,19,152,1,124,177,2,127,148,119,81,170,30,17,121,32,101,129,95,81,154,19,195,63,139,111,39,76,153,176,40,120,196,1
8,196,151,161,186,142,38,95,44,165,183,178,164,40,132,85,155,74,142,175,170,45,51,145,78,45,137,105,18,136,188,41,7,190,126,108,153,1,143,161
79,77,108,155,49,143,183,92,73,36,49,4,108,8,143,77,8,13,28,135,33,139,41,63,31,138,11,122,125,105,108,32,148,184,61
147,182,176,15,54,70,3,67,188,60,150,127,74,17,103,1,190,183,168,78,154
136,84,111,10,55,190,2,60,139,172,137,118,76,115,11,145,177,56
133,93,165,89,148,10,125,149,44,104
178,31,3,44,45,193,180,4,137,38,91,99,198,163,33,84,128,198,106,125,42
109,132,190,24,159,134,123,167,122,125,148,130,58,89,146,150,35,45,105,192,11,118,6,49,86,34,145,133,177,136,117,189,125,114,1,77,13,180,162,62,72,133,4,54,154,61
186,128,177,8,81,34,9,74,60,92,161,156,189,180,93,169,97,139,182,71,4
146,60,12,137,34,174,22,164,178,161,104,7,174,62,27,33,90,18,163,44,162,124,26,14,156,98,126,157,132,177,30,170,132,150,28,188,172,106,100,0,135,27,109,61,109,73,106
85,14,8,185,173,20,10,140,43,58
21,116,48,64,153,26,60,186,113,54,50,167,15,38,6,132,151,35,150,109,176,7,161,95,132,80,159,138,81,156,0,24,118,18,39,10,35,154
90,18,172,86,163
194,53,187,101,161,95,170,158,179,183,80,124,64
102,37,90,113,9,102,115,198,72,186,114,16,137,143,3,120,43,161,56,159,56,163,179,2,88,191,35,27,115,155,78,69,2,87,196,54,93,79,105
94,190,99,123,120,155,97,83,80,135,5,69,122,93,195,4,53,182,102,147,49,57,32,103,124,198,162,33,196,35,93,108,8,54,36,51,3,175,131,194
176,5,147,94,58,175,40,41,35,34,42
35,155,135
153,88,131,67,111,89,108,140,138,92,39,15,124,62,152,121,145,64,143,158,37,149,25,75,162,123,150,89,125,172,181,128,183,14,177,154,39,167
139,125,74,47,137,126,27,1,43,124,61,6,74,26,57,142,2,45,192,27,196,53,135,99,65,70,31,5,72,153,10,171,179,67,180,43,144,23,69
127,76,18,34,179,142,188,160,114,130,98,196,49,61,96,139,45,1,172,170,94,91,63,56,38,151,51,95,134,147,152,50,126,57,30,129,186,155,110,84
5,144,100,38,117,126,27,18,129,111,88,107,141,159,74
108,124,151,70,183,19,119
130,171,61,140,162,133,95,57,194,163,0,50
93,4,45,139,30,51,116,2,68,44,35,136,52,59,96,157,50,23,95,21,74,62,38,149,109,70,36,69,14,49,161,109,170
175,28,25,51,27,132,45,145,169,125,10,16,60,159,196,140,79,40,170,100,97,110,130,164,117,131,90,189,95,132,49,184,151,175,51,69,49,85,36,105,14,25,176,0,53
62
93,119,112,84,86,22,28,175,95,86,136,43,144,79,124
178,128,58,141,35,193,124,85,37,91,186,2,6,151,195,128,127,25,76,151,164,186,43,65,191,52,6,110,68,157,36,8,24,86,143,10,44,181,157,193,87,111,109,51,28,3,192,129
124,76,114,82,34,50
56,30,104,14,165,193,43,69,198,158,145,8,176
181,62,7,193,74,139,41,34,161,125,126,10,197,165,27,91,133,89,138,62,143,67,139,46,108,152,148,97,154,75,76,172
157,81,71,162,147,80,100,36,168,135
105,138,187,72,172,46,91,94,30,26,91,25,14,178,82,33,27,122,102,149,172,74,149,27,145,73,106,108,160,85,34,136
87,36,0,125,141,12,124
77,4,10,154,45,190,44,105,151,13,30,147,86,19,31,62
95,56,20,111,192
28,73,151,15,136,179,119,190,51,3,146,139,161
98,178,8,102,84,155,197,75,83,125,144,85,142,174,46,138,46,61,100
147,181,159,15,127,38,75,183,105,81,148,112,102,38,137,60,18,51,101,28,76,174,103,11,131,64,186,68,65,112,123,9,171,45,147,134,7,60,8,20,34,88,74,18,95
63,145,52,80,197,176,13,0,62,24,164,61,122,197,140,17,173,142,37,183,148,91,34
62,158
13,125,44,12,135,166,53,79,9,38,124,95,35,164,148,176,103
137,169,52,133
71,132,77,141,91,48,52,126,147,32,156,120,23,108,147,163,116
148,168,139,185
39,195,188,154,20,159,88,101,166,194,91,173,74,44,30,10,75,195,150,64,134,8,164,17,98,119,176,177,107,113
18,54
153
188,160,186,98,43,6,41,91,184,187,29,133,166,34,174,89,73,130,101,18,86,9,187,189,171,158,124,160,80
73,9,163,132,129,54,82,107,9,90,159,99,187,184,1,137,173,133,71,108,20,152,69,92,73,136,79,172,147,25,14,195,57,104,126,56,196,70,4,119,136
65,182
116,196,183,69,52,135,186,59,10,82,150,197,66,24,89
70,63,115,55,163,113,144,107,179,90,198,102,155,71,157,175,109,140,27,143,35,118,172,131,15,111,185,47,35,143,142,26,138,38,157,116,137,29,69,27,63,173,196,20,187
39,112,5,41,7,76,28,179,65,78,54,190,26,129,80,37,143,4,111,48,152,101,190,9,55,188,148,162,192,84,196,139,30,88,37,44,197,132,40,91,76,6,187,25
52,149,140,160,195,119,172,42,164,115,105,178,41,70,193,173,188,129,182,34,128,11,36,170,32,41,108,102,89,173,36,134,117,6,107,183,181,20,123,63,62,4,50,172,129
161,77,119,137,142,63,22,32,71,4,34,83,86,138,75,14,161,197,174,10,151,100,165,179,36,132
193,37,86,81,170,182,69,103,5,11,33,47,143,96,142,31,66,166,33,135,112,193,7,50,14,187,162,197,138,59,153,76,67,192,45
39,26,127,104,130,105,68,9,30,92,51,86,185,101,41,55,173,137,31,14,134,141,1,74,195,130,176,101,57,21,10,98,198
130,16,154,171,141,125,41,111,110,67,198,107,49,0,37,109,61,76,198
62,107,109,76
146,6,89,54,14,10,46,155,82,107,62,70,166,136,196
112,69,71,130,144,52,9,75,20,88,150,157,104,195,56,152,36,8,43,119,64,11,134,144,77,32,197,48,98,41,139,29,154,68,61,164
173,25,21,16,53,174,158,185,174,141,11,100,67,47,107,195,133,141,40,91,156,69,176,91,177,36,68,26,122,127,83,99,163,172
120,136,68,183,57,189,34,186,139,74,186,195,34,10,59,63,153,90,71,26,117,80,173
164,29,189,70,125,94,63,191,11,73,107,141,95,142,134,128,186,193,187,145,178,24,47,183,55,152,170,9,80,64,30,21,34,20,50
180,112,103,130,87,123,15,0,189,74,64,160,104,168,31,16,69,11,195,115,180,114,120,52,5,101,67,88,154,25,48,62,73,52,86,66,12,123,29,100,75,141,160,107,175,170,36,70,52
176,83,142,159,12,29,90,43,103,152,133,43,91,160,124,16,88,34,110,126,49,73,97,107
180,119,150,43,143,111,108,69,110,176,171,67,48,179,170,113,69,40,108,0,154,121,136,67
160,87,80,17,15,170,149,145,26,111,65,2,8,34,17,39,52,128,155,109,46,123,2,4,37,90,65,29,175,84
187,121,171,3,172,45,140,6,68,140,144,77,97,12,50,25,182,150,14,181,86,176,82,185,197,26,11,6,154,106,46,120,84,128,68,146,188,126,150,67,120,31,105,135,37,21,73
32
46,80,165,135,87,184,139,119,53,184,109,126,36,61,155,195,187,137,134,118,173,115,60,104
86,191,170,130,98,28,38,167,184,179,159,117,188,135,147,48,102,197,51,117,61,114,62,197,137,160,77,39,190,109,145,184,149,0,75,21,32,2,110,76
188,10,113,53,106,184,18,108,82,134,80,172,91,89,101,87,6,155,196
62,147,122,40,148,45,116,86,126,51,104,123,90,87,167,182,136,74
159
59,177,75,128,30,29,197,167,91,2,94,43,15,91,172,9,159,118,79,1,92,56,177,138,2,73,175,88,86,142
4,13,134,115,156,102,131,34,138,145,29,182,197,32,145,27,1,197,6,107,144,73,119,91,171,160,43,60,105,94,99
89,79,99,91,64,139,93,39,197,193,96,84,144,172,197,166,85,182,35,43,175,56,179,59,98,152,2,170,91,38,168,49,119,40,193,60,79,23,113,53,180
26,180,89,143,104,119,31,71,20,161,28,81,152,156,150,138,50,130,186,82,152,127,98,24,56,36,89,40,23,145,155,60,137,62,81,65,114,68,55,27,54,87,176,115,96,86,156,166,168
132,80,156,87,124,136,134,165,124,71,84,29,2,66,106,2,140,119,133,143
60,92,80,149,183,145,153,169,168,156,60,196,152,134
195,144,81,66,168,174,10,76,171,15,180,173,139,161,107,138,93,134,55,181,111,56,61,159,85,35,189,134,183,117,12,54,171,66,117,56,187,73,114,119,186,150,97
112,81,14,167,143,105,53,12,199,111,144,86,6,144,71,122,7,134,26,112,189,163,63,64
153,55,25,191,166,156,158,35,36,75,96,31,112,140,38,190,126,87,105,73,88,156,28,197,167,0,181,66,63,85,184,9,113,87,110,31,137,71,119,106,63,78,139,145,176
174,23,48,45,32,34,63,143,113,55,69,88,96,29,13,58,38,45,154,112,143,24,84,38,74,98,142,198,199,156,183,156,134,124,133,38,3,98
14,124,42,168,85,29,171,48,174,64,165,58,31,145,104,130,186,42,143,63,99
37,48,35,22,76,50,159,25,29,102,140,147,48,55,95,6,151,192,84,147,71,88
128,10,138,131,72,27,47,173,166,37,28,87,157,177,110,99,34,28,168,106,111,35,99,86,49,126
100,55,18,16,76,16,157,97,45,84,135,138,3,191,72,25,88,35,66,59,85,26,99,131,45,7,191,31,132,98,143,193
150,121,84,48
173,4,17,23,84,96,88,143,102,191,42,17,47,12,144,97,145,155,43,70,103,14,192,179,127,161
15,79,35,164,66,34,158,126,48,197,88,84,98,152,186,98,128,146,157,80,46,156,35,194,122,8,12,89,1,173,0,84,47,55,124,37
171,193,164,148,41,8,4,47,55,89,49,13,120,59,187,151,168,21,191,165,172,103,76,152,25,48,182,123,84,87
69
159,163,72,192,88,189,102,21,2,170,97,121,40,108,64,49,41,15,125,7,110,175,57,83,51,169,140,13,4,67,50,127,111,164,135,113,8,152,43,131
62,19,134,2,193,28,83,62,105,4,131,1,106,40,115,43,5,61,150,155,61,156,180,85,172,60,121,149,65,51,195,168
196,159,16,156,103,115
109,182,35,108,54,133,119,100,88,133,84,128,83,2,68,157,33,65,16,175,36,29,95,142,172,27,86,76,32,21,16,2
146,94,197,9,183,120,49,35,1,174,49,4,20,186,91,55,20,156,146,24,18,76,148,117
77,147,18,173,19,96,131,149,195,187,75,148,115,6,107,180,103,141,4,85,40,10,171,119,83,44,89
21,104,133,128,59,116,11,32,146,153,72,19,112,43,42
124,46,20,90,84,3,148,68,60,110,90,162,102,124,6,195,56,48,1,142,171,59,26,145,150,28,16
88,14,171,5,199,6,188,57,66,75,79,148,25,141,13,53,59,157,46,62,177,160,49,88,45,23,178,163,120,154,96,159,161,27,24,166,81,51,50
108,167,111,157,113,98,56,55,106,64,157,69
6,19,64,108,180
81,55,127,126,94,22,67,29,100,66,77,69,178,79,197,14,30,173,127,123,34,123,9,78,66,112,159,58,171,104,0,36,123,167,154,29,109,140,20,34,26
61,179,31,9,93,68,131,55,186,84,185,190,64,53,98,99,77,62,171,103,10,125,77,98,4,65,169,198,184,78,173,159,140,166,35,156,28,85,44,104,48,176,194,124,15,145,139,54,46
98,7,140,45,40,112,151,74,95,150,172,12,17,44,72,45,101,147,92,74,8,136,55,198,178,84,131,1,92,16,141,95,34,193,48
125,124,109,183,131,97,72,152,187,0,89,28,12,170,181,155,48,78,10,18,63,173,14,112,11,193,17,151,63,98,171,18,47,13,117,110,152,11,129,178,168,1
78,119,22,11,162,72,67,41,181,122,195,2,144,133,181,148,181,120
182,151,169,160,47,143,43,148,66,4,90,29,156,174,44,109,2,150,46,186,173,62,49,67,146,59,81,140,144,152,176,187,53,123,15,44,172,125,4
34,192,23,166,22,163,71,185,30,11
162,177,66,149,92,95,101,42,139,149,187,40,168,105,192,46,24,67,167,13,39,53,133,175,64,62,68,118,21,188,5,194,24,43,119,36,82,30
87,125,108,81,41,27,147,196,29,148,131,24,141,129,195,129
149,156,194,129,95,33,54,24,146,152,61,6,113,27,33,107,126,165,169,148
94,5,58,43,101,178,137,169,190,141,188,12,179,178,22,158,168,8,190,133,8,183,195,20,71,72,98,77,70,151,56,29,113,114,67,163,38,81,115,61,42,193,42,60,115,174
20,185,58,80,66,24,27,93
197,11,78,22,94,96,179,120,102,26,1,151,113,102,174,118,72,93,76,81,87,153,145,109,182,33,63,5,28,187,52,178,70,114,29,22,40,191,54,36,5,134,180,160,113,62,197,75,144
185,107,139,88,53,16,24,160,143,62,42,197,180,128,78,9,142,96,109,181,107,181,170,50,37,146,135,105,0,39,157,196,92,164,30,57,146,6
13,107,83,198,68,94,135,54,183,92,20,188,58,169,46,37,128,52,125,61,121,42,121,49,181,195,167,63,103,74,176,151,23,180,169,37,31,169,135,35,48,189
93,198,188,89,157,79,51,33,101,121,47,32,150,130,47,98,44,183,173,117,172,6,155,14,145,182,123,6,137,103,64,149,73,72,145,64,182,26,25,117,24
94,80,94,159,53,113,86,41,20,182,0,159,36,163,58,163,17,44,0,16,81,29,132,60
158,100,11,69,95,77,19,183,13,162,113,36,100,115,179,69,152,138,119,194,198,37,43,174,60,72,109,62,86,23
113,141,170,9,97,195
97,11,2,104,184,105,198,140,98,165,139,150,50,120,193,7,197,130,66,70,36,111
88,196
8,87,136,147,175,120,31,8,180,106,82,43,84,80,129,52,59,84,138,93,153,156,13,3,140,113,195,161,160,51,188,42,57,49,167
95,37,92,66,127,28,68,98,99,45,71,155,82,142,119,112,137,191,47,105,198,62,185,78,174,74,171
18,138,140,166,40,199,190,65,97,114,23,171,89,187,189,55,173,126,179,51,4,125,199,55,115
14,163,94,152,111,0,136,57,163,13,173,198,195,124,150,64,18,42,145,115,198,122,14,158,51,118,56,143,164,21,86
120,124,161,117,68,30,21,72,146,161,4,79,130,16,193,54,39,132,86,95
116,68,88,67,123,140,171,18,112,188,173,108,128,130,35,2,60,135,42,178
30,23,58,159,3,195,107,32,101,50,190
158,3,60,182,4,161,68,75,71,28,47,68,74,158,117,12,162,40,53,37,113,63,175,78,167,38,98,142,40,45,132,32,110,189,191,127,194,102,97,35,103
29,121,69,48,42,174,162,105,116,146,134,110,16,154,145,178,43,12
3,144
123,150,107,89,80,69,19,163,10,43,22,41,83,100,1,44,78,70,13,54,147,14,27,129,94,144,6,52,145,97,191,102,94,67,36
102,84,4,76,144,8,177,0,186,28,109,45,87,143,127,22
116,82,157,4,121,79,178,49,149,10,43,114,68,134,9,115,63,47,174,123,107,142,10,6,46,119,24,150,79,29,95,140,7,196,115,131,78,80,104,8,26,47,194,138,134,190,195,186,194
190,14,4,65,191,131,157,199,52,178,66,28,45,112,89,162,0,153,64,120,55,193,132,74,54,14,187,150
145,22,71,140,93,143,44,193,50,118,134,120,96,104,81,28,87,106,30,121,154,72,125,151,123,150,130,134,165,24,155,97,137,199,62,196,102,199
100
61,173,71,16,75,30,175,49,119,93,146,21,166,121,24,80,56,76,15,35,49,113,12,87,38,77,106,195,162,45,13,183,116,117,60,8
120,172,86,87,46
9,31,45,89,19,156
8,139,57,68,4,21,8,161,103,25,31,30,48,7,112,119,128,138,61,147,109,190,188,42,49,184,169,16,72,121,73,159,129,90,78,44,90,5,27,42
49,61,69,114,51,85,107,161,58,67,149,189,187,136,0,198,23,94,65,81,19,188,99,19,129,46,2,157,55,167,140,109,9,154
115,32,145,120,96,161,1,194,78,88,132,102,147,82,24,151,28,183,101,160,194,17,171,12,178,187,161,72,162,129,83,50,188,138,92,27,44
109,96,124,19,173,70,88,132,134,174
126,53,83,126,148,104,169,172,108,190,132,68,170,87,161,5,187,16,161,28,182,96,27,136,114,18,1,19,29,148,75,17,147,22,116,77,68,4,180,116,53,62,165,140,85,93,128
169,8,80,52,47,41,126,0,33,39,79,148,56,55,13,191,126,73,83,91,60,32,28,127,110,141,59,129,107,110,192,133,15,28,65,15,174,112,148,105,99,121,75,55,181,77,43,139
144,195,160,123,186,4,155,79,130,85
79,169,113,198
181,135,140,38,121,108,96,3,168,125,64,153,167,173,152,82,48,86,155,194,71,8,21,179,129,112,150,11,152,47,168,5,37,85,30,96,30,151,108,71,160
138,76,172,53,121,145,180,187,75,16,71,69,186,30,94,172,174,134,8,101,81,71,137,117,10,76,186,185,196,21,1,156,177,197,51,60,27,103,14,127,18,173,7,181,90
22,15,27,168,109,160,111,22,3,2,81,132
132,127,96,77,93,76,32,79,157,97,30
111
101,179,94,90,113,199,181,22,55,170
190,124,145,81,171,167,84,156,114,6,67,186,83,158,111,140,62,127,89,46,70,136,16,138,65,71,63,19,91,174,61
84,152,92
162,96,29,126,29,51,59,176,0,46,116,74,128,76,31,116,60,147,2,22,98,131,62,141,22,101,65,30,5,25,9,53
11,97,192,57,59,138,13,70,79,42,57,70,112,51,194,51,41,143,70,123,192,101,142,193,87,2,159,188,183,104,16,22,98,80,81,176,76,32,57,92,15,41,145
169,25,60,193,143,106,175,116,21,142,21,175,168,164,133,178,189,80,171,180,172,12,16
18,128,37,103,146,179,98,129,163,110,125,165,91,196,10,146,116,150,86,24,142,133
150,139,76,126,143,169,103,39,125,94,174,106,58,40,60,112,113,177,102,180,0,87,160,182,140,89,80,38,159,176,32,62,54,15,83,120,70,57
110,79,115,172,11,61,14,7,158,149,45,47,125,98,136,196,38,36,42,123,187,2,116,45,143,96,174,53,189,66,168,142,94,52,142,91,90,170,36,114,197
45,114,48,59,150,59,64,31,176,50,88,19,42,119,28,90,69,61,122,86,71,37,21
91,172,125,113,192,159,3,127,28,119,104,34,161,47,1,86,190,147
67,135,148,104,71,136,69,5,76,38,157,124,148
123
3,120,32,128,67,151,140,109,170,135,28,45,196,194,171,178,42,106,73,113,160,53,183,181,154,192,181,11,194,12,183,146,4,144,23,56,158,199,8,29,108,99,24,131
1,157,114,69,136,3,77,25,41,166,24,77,119,85,185,82,196,76,176,106
144,182,26,109,17,43,7,78,81,85,13,148,89,139,4,63,64,108,15,94,81,157,137,13,69,174,188,79,123,71,124,117,137,114,3,171,50,2,22,9,69,41,79,4,123,52,163,76,157
75,97,49,189,136,55,151,136,84,177,183,30,172,112,47,105,75,154,55,34,143,178
29,28,1,98,70,111,82,87,33,83,50,19,147,148,79,60,91,51,27,25,73,58,151,152,23,117,21,1,94,180,44,16
101,130,0,168,192,66,140,48,57,46,58,72,113,8,15,135,4,185,127,196,172,23,105,136,108,165,50,41,133,122,168,52,10,93
191,138,115,147,112,96,104,180,162,164,169,199,138,62,129,136,185,56,175,151,118,129,163,97,62,157,92,180,165,56,173,166,17,67,159,52,132,57,6,145,108
58,66,73,78,27,178,162,22,3,29,157,166,171,123,174,87,118,190,122,19,198,126,164,65,87,113,132,37,182,196,183,44,21
2,68,5,125,8,113,30,152,27,12,23,35,56,95,93,158,120,131,97,174,167,161,87,56,28,63,158,55,183,186,151
140,18,196,165,132,52
61,192,121,67,198,48,23,137,41,158,127,8,176,2,21,86,30,41,127,9,133,39,83,20,75,165,39,32,87,175,122,118,92,112,69,143,4,104,5,55,61,82,152
4,8,150,38,139,79,71,63,178,163,9,197
84,183,142,55,73,83,44,199,177,171,75,40,98,38,137,96,165
42,3,26,129,192,69,16,149,113,9,43,95,50,133,57,165,18,94,0,94
175,93,117,13,149,129,27,34,144,26,19,39,169,198,105,129,134,147,26,16,29,30,191,160,91,113,62,116,184,182,154,29,173,69,74,123,96,129,37
112,142,80,154,160,39,4,199,119,1,90,22,61,94,15,8,68,129,78,30,106,94,14,2,122,123,30,183,182,36,142,1,109,166,149,22,106,14,165,184
134,33,186,164,27,160,40,9,88,143,113,72,82,65,70,195,58
89,94,90,152,101,75,6,71,181,31,134,87,1,22,192,61,152,181,169,93,65,169,11,101,171,92,23,183,45,145,117,97,28,49,156,146,138,45,111,74,106,4
52,43,53,46,88,44,23,175,31,122,61,50,113,151,132,114,39,58,179,111,129,30,43,31,12,32,1,14,75,137,86,141,154,25,158,128,0,118,51,167,164,78,120,12,0,126,123,22,83
29,57,53,74,155,10,186
84,156,51,55,31,122,13,2,95,167,16,42,149,190,42,80,183,147,127,58
6,93,159,107,28,10,194
184,186,18,118,173,166,163,151
59,26,125,19,166,91,20,61,188,132,198,81,146,1,116,197,29,192,15,136,100,118
185,160,50
100,71,67,187,177,97,103,123,91,69,195,71,166,113,138,142,152,160,190,46,152,23,117,28,107,43,15,71,176,22,19,63,17,153,128,3,92,165,65,87,117,161,38
189,179,166,183,12,176,125,88,160,57,156,25,180,46,182,9,4,92,9
136,10,165,124,93,118,35,186,13,186,176,141,111,65,152,84,133,198,13,67,95,7,73,58,175,31,80,10,135,95,86,192,85,168,25
98,82,180,111,58,178,181,65,178,37,11,32,51,57,103,142,145,91,0,21,81,166,72,73,106,162,39,61,54,68
31,51,115,64,29,166,92,134,98,197,51,100,62,196,75,11,28,121,13,49,86,36,32,151,196,65,68,178,115,18,176,147,196,144,132,15
181,85,111,138,179,44,58,137,123,4,105,12,149,143,61,194,77,198,44,45,62,140,115
113,183,71,17,4,39,62,124,75,3,121,116,93,187,184,126,83,158,2,183,153,46,70,159,10
161,131,56,33,173,26,97,82,56,85,189,28,74,50,2,182,197
169,120,153,86,50,40,29,140,48,41,169,48,151,9,41,116,82,106,184,74,168,18,98,81,59,88,64,178,60,89,35,134,136,76,181,197,187,38,159,72,179,191,72,84,102,138,11,40
160,36,199,59,114,91,163,97,51,56,92,177,102,112,78,118,139,99,148,83,97,54,154,127,143,67,38,161,11,154,93,183,156,2,148,17,109,97,65,180
122,161,130,138,16,162,99,67,65
8,37,140,83,92,134,109,197,39,92,149,77,128,29,196,171,113,38,129,45,44,82,192,57,109,195,131,132,15,1,196,106,104,58,169,23,65,59,19,131,36,115,136,131,68,58,130,143
191,166,38,82,24,32,168,174,58,138,27,173,185,149,190,199,42,35,187,134,116,148,145,21,198,145,80,82,85,25,191,6,3,150,193,13,24,159,196,28,95,66,195,69,90,86,81,141
166,139,177,98,159,11,123,43,91,169,153,166,169,191,86,69,121,0,60,80,81,74,53,193,13,15,188,154,25,48,167,138,142,105,26,179
40,30,103,83,117,26,166,122,161,59,186,145,168,115,54,173,113,1,141,6,155,199,6,168,196,154,67,124,47,139,161,91,169,56,47,177,5,49,3
180,64,20,153,91,174,49,10,41,19,181,123,197,53,163,154,21,167,70,152,36,104,7,176,160,101,52,180,95,144,19,108
117,95,43,11,76,46,133,16,131,106,28,69,30,78,112,90,125,45,167,105,83,76,44,102,59,19,39,0,138,26,122,87,49,87,43,66,20,136,2,37,170,25,197,162,128,2
148,81,113,7,62,181,108,40,39,63,173,85,158,159,32,2,166,77,91,41,176,171,88,157,135,47,140,133,94,46,78,62,125,140,97
181,122,83,29,124,86,176,157,110,6,116,54,182,144,196,168,161,96,109,153,182
37,185,75,161,146,134,19,172,90,184,124,2,126
90,118,34,87,126,114,127
170,125,181,7,186,196,26,57,53,4,166,121,141,50,85,113,133,12,187,188,33,163,132,170,114
78,11,25,58,70,88,87,89,61
84,180,128,124,10,146,10,178,134
87,101,54,95,194,50,153
122,138,65,183,141,95,181,107,38
124,112,153,88,158,101,120,26,44,85,195,41
104,57,126,68,76,29,51,7,10,63,172,169,102,120,49,178,113,75,40,22,98,59,62,124,28,55,71,177,10,181,40,60,140,66,48,144,31,129
47,153,194,117,104,110,51,183,171,191,49,65,197,18,8,66,187,188,100,65,30,123,191,91,39,98
134,58,46,11,45,148,35,76,56,6,140,118,4,54,165
9,199,5,19,22,182,136,44,130,110,106,56,48,88,62,127,117,191,158,44,188,180,83,33,99,143,132,168,1,142,64,48,150,156,148,4,24,132,76,53,186,77,125
2,64,22,170,152,25,133,186,178,147,31,19,133,44,182,129,25
113,38,182,36,187,27,112,145,26,180,197,79,109,118,66,28,194,154,7,141,78,112,3,59,188
140,144,52,76,168,26,121,159,100,89,60,118,126,140,186,26,126,163,166,111,123,159,108,29,194,8,7,51,66,84,156,194,77
179,177,189,35,66,74,71,182,194,5,182,4,162,1,70,149
172,185,169,46,57,122,28,9,125,16,37,179,157
26,120,5
116,39,170,35,131,183,82,174,102,111,46,187,51,190,182,69,112,48,66,172,90,39,94,138,102,181,4,91,24,48,64,61,72,190,6,142,80,45,83,102,14,167,194
73,32,128,163,62,14,167,108
166,96,192,61,7,95,1,196,34,137,109,46,57,60,130,186,43,46,191,39,110,94,88,49,101,136,2,182,4,74,127,114,66,65,80,189,150,45,37,155,126,172,193,76
188,2,132,170,156,122,75,138,199,171,64,124,175,95,147,17,72,81,124,186,123,78,93,188,115,152,36,54,28,188,148,104,134
194,167,180,101,13,160,54,96,66,122,132,83,156,30,64,94,35,57,101,179,99,10,59,24,44,170,104,149,70,162,25,193,72
70,164,170,67,99,25,64,121,90,195,186,66,160,122,86,55,36,74,69,178,38,166,111,102,121,139,179,91,81,61,56,100,44,46,11,29,92,86,108,7,24,150
61,110,13,25,10,74,37,46,45,144,44
177,169,112,4,106,188,89,108,163,3,190,175,0,24,110
87,176,19,35,48,185,195,130,160,190,70,22,113,110,83,80,26,39,30,40,127,7,84,81,18,87,172,37,4,167,193,34,159,187,120,121
52,171,52,168,108,187,36,197,82,103,148,11
190,82,68,77,7,177,9,95,101,1,118,137
180,26,54,40,41,141
156,108,55,63,199,181,97,37,6,66,167,23,89,136,145,155,51,55,17,110,78,25,145,179,148,72,130,118,116,84,148,34,61,77,25,123,59
59,27,117,57,2,107,186,124,98,183,62,36,172,154,78,187,52,175,26,61,51,106,101,147,11,174,67
162,165,164,198,78,25,144,78,102,186,58,128,190,112,152,173,175,100,105,133,64,62,120,95,58,1,113,45,168,43,89,194,4,18,23,52,56,153,180,6,105
0,157,55,158,70,8,194,69,161,197,21,35,97,199,83,105,33,185,59,140,132,82,171,81
152,182,170,49,190,185,121
126,108,143,153,83,17,77,50,28,122,128,25,170,197,71,184,143,63,167,52,152,86,135,114,81,110,176,129,93,71,145,44,126,166,147,170,181,121,162,15,161,131,146,32,176,139,15,99
55,127,85,60,48,49,56,189,140,6,183,115,185,159,117,58,119,184,186,85,68,73,190,179,64,92,67,96,3,90,0,139,158,148,178,52,24,30,121,171,173,105,77,79,153,141
69,74,140,90,105,61,162,3,118,41,99,151,186,48,175,138,57,180,116,170,133,120,105,66,144,32,114,170
85,122,69,198,118,142,82,195,165,156,107,172,27,187,199,175,71,112,2,73,190,57,82,65,188,145,92
89,164,165,115,126,163,154,147,49,116,125,63,148,173,48,74,89,117,128,173,26,5,133,173,32,195,166,1,41,187
173,36,7,188,7,81,145,78,133,90,113,163,156,157,27,102
8,20,30,129,79,73,26
81,125,27,55,177,146,34,87,143,0,44,43,80
133,195,37,90,77,191,116,7,152,180,0,89,178,58,145,35,181,51,112
125,111,127,169,47,176,45,81,128,136,95,108,177,188,39,161,100,30,169,17,110
160,93,166,123,189,95,155,82,185,19,36,26,154,178,52,177,131,70,68,146,68,48,110
71,27,194,176
94,93,54,142,20,172,149,91,59,165,96,162,115,101,37,14,126,15,72,28,58,148,93,24
144,163,0,11,97,147
70,67,22,71,109,84,123,169,60,70,100,11
108,132,43,182,160,39,101,86,183,110,138,41,166,120,121,18,44,166,72,44,76,19,18,92,79,69,112,67,58,135,84,199,93,125,62,79,142,80,5,193,37,131,41,6,107,114,133,29
95,2,68,155,199,68,172,16,57,178,63,127,73,62,32,198,119,190,166,199,20,57,177,25,190
194,110,69,154,103,23,182,79,194,86,40,152,99,185,37,59,88,155,163,32
101,84,197,39,4,152,70,199,9,154,135,128,92,88,72,69,177,95,107,170,39,180,183
22,121,20
160,137,23,2,123,37,123,49,108,62,151,106,102,159,68,45,137,156,110,23,6,144,20,138,65,99,4,1,73,122,153,139,141,20,171,190,169
76,178,34,92,138,177,13,106,150,40,136,70,12,25,175,128,75,97,56,184,181,62,104,135
77,162,120,125,193,22,167,84,93,103,52,124,183,101,145,40,177,17,104,190,92,35,17,139,24,66,30,187,34,182,17,7,193,162,4,165,132,178,48,91,49,156,126
140,2,186,91,126,137,144,138,83,182,160,183,82,15,135,43,15,130,55,58,168,164,185,48,139,35,99,153,97,57,142,10,82,91,118,90,128,3,169,154,44,31,5,137,34
33,115,22,31,15,16,1,146,181,27,23,50,10,79,0,185,121,176,167,89,53,16,4,126,179,64,93,43,26,85,158,18,148,29
184,114,58,56,136,94,195,155,192,164,27,94,7,134,51,146,185,55,8,165,153,44,95,101,172,177,65,125,11,189,44,78,4,98,62,112,68,108,81,184,61,8
91,141,164,74,15,49,68,9,101,12,55,113,108,61
65,95,171,29,83,147,188,0,189,0,70,35,159,17,186,32,25,168,39,181,85,121,177,117,107,42,141,0,94,15
29,145,174,36,139,59,37,1,57,25,146,3,161,108,153,31,178,127,58,78,140,128,135,89,18,141,88,96,8,109,143,75,190,11,28
178,120,89,29,138,167,8,197,86,121,85,35,130,167,10,50,195,198,64,132,56,85,198,3,20,46,128,190,191,16,29,10,52,33
35,159,131,72,30,107,52,22,152,85,104,73,76,30,134,116,121,77,112,61,137,103,3,58,31,102,70,195,0,29,78,135,78,139,61,198,155
159,142,185,175,38,190,140,46,18,37,41,184,105,89,74,33,102,67,187,112,61,17,154,28,61,34,179
14,104,48,63,35,67
35,81,9,147,92,128,119,69,105,192,89,18,146,61,38,125,47,173,145,113,141,161,150,112,6,97,64,101,66,88,112,19,114,64,156,26,31
161,81,4,20,186,12,17,5,75,176,53,72,62,22,195,57,119,47,166,49,78,199,124,67,175,160,159,24,155,39,59,114,107,141,130,190
158,122,79,86,77,196,98,157,59,54,155,186,169,55,150,198,113,40,43,102,23,54,102,73,80,145,74,44,20,11,133,19
170,105,116,198,182,172,86,30,88,146,19,117,8,187,133,165,127,144,112,151,198,196,29,143,20,72,62,26,89,143,87,18,16
183,73,84,67,153,37,169,45,180,42,0,102,77,185,92,114,89,137,4,6,156,169,149,123,120
23,29,186,172,193,162,0,13,172,154,35,125,122,39,103,154,136,166,49,142
96,172,44,151,181,162,81,172,128,149,148,42,70,37,26,136,29
143,28,21,8,95,30,124
94,24,96,100,125,134,13,48,39,88,135,192,42,119,83,141,34,84,58,97,70,146,49,133,42,150,84,125,11,37,33,127,92,131,128,38,180,32,152,129,142,184
57,41,83,99,14,146,118,141,125,78,147,0,112,119,170,28,33,198,147,54,89,135,120,194,63,110,23,149,128,131,75,0,112,177,80,74,45,66,181,167,19,161,103,53
135,0,196,12,123
144,123,182,14,22,15,65,118,132,43,38,31,196,57,181
63,65,167,184,174,178,119,106,96,140,40,182,72,50,159,171,162,74,159,109,186,88,40,93,151,132,141,164,161,180,21,149,82,73,64,197,165,12,159,32,182,185,134,109,155,77,106,25
161,14,69,105,111,170,185,148,29,88,149,154,109,137,13,120,124,48,115,190,116,32,130,169,68,140,115
32,35,139,113,24,198,126,75,15,116,28,113,142,187,12,32,161,117,10,77,133,183,10,35,93
110,121,79,63,184,49,35,179,114,25,72,143,12,165,17,49,91,5,148,129,31,84,182,183,72,174,145,84,117,30
100,168,173
11,29,21,165,128,101,150,22,7,71,59,66,142,16,18,26,127,158,118,29,51,46,10,18,79,156,175,115,121,133,3,62,99,150,70
35,136,124,79,16,36,192
127,12,125,173,180,117,179,110,143,10,110,4,134,192,24,57,170,96,196
73,38,101,73,183,42,136,86,33,93,152,115,131,51,27,184,33,20,194,186,82,5,2,42,1,115,106,8,71,17,56,114,176,171,84,146,31,53,119,159,153,1,83
4,78,169,188,155,148,60,29
72,184,57,130,5,94,18,23,174,157,14,149,75,53,162,184,41,66,44,151,178,159,130,52,85,8,65,182,113,45,145,53,147,196,159,47,193,80,149,97,105
18,0,123,154,36,142,152,113,110,163,49,149,159,73,156,31,181,35,173,111,26,184,131,100,80,12,151,73,114,140,185,59,177,78,71,100,52
132,61,144,110,128,91,70,98,47,64,114,179,65,156,11,100,112,102,110,86,165,180,137,183,94,16,156,52,141,74,7,103,165,45,34,116,154,47,70,170,179
199,97,65,140,151,194,189,56,34,148,10,148,140,2,21,149,126,174,53,190,14,68,109,180,65
178,193,90,91,74,70,167,63,51,78,39,40,15,7,95,88,32,38,45,53,122,38,72,101,83,15,150,136,93,86,198,128
135,147,41,194,165,158,112,172,21,8,161,133,128,153,92,59,148
50,119,91,8,167,69,81,146,36,121,136,46,72,152,139,30,105,86,19,187,152,16,104,23,199,96,75,101,107,26
156,62,172,128,78,111,37,120,71,99,30,96,177,128,107,106,2,182,107,19,22,23,137,177,77
89,191,137,134,194,80,32,23,120,9,53,33
28,44,17,164,101,121,27,39,115
144,92,68,20,38,198,40,6,195,106,141,189,155,6,136,180,170,113
18,51,38,69,109,15,194,11,36,142,181,147,71,67,82,171,106,157,189,129,138,118,135,151,138
39,3,77,42,190,141,104,44,185,67,194,145,5,133,89,20,18,192,3,0,191,20,80,185,162
19,144,82,119,93,29,162,125,179,154,8,132,71,36,89,157,16,83,94,3,161,80,168,86,127,7,80,97,122,96,160,13,33,153,39,95,114
42,10,43,110,111,46,174,47,142,130
120,94,156,51,109,176,72,100,113,187,67,183,64,95,83
165,4,79,6,113,37,80,84,6,113,68,144,137,170,46,191,68,97,106,31,137,104,179,56,184,30,14,84,89,61
7,68,140,26,83,65,12,103,72,28,131,135,145,46,16,30,148,127,137,38,13,88,148,114,10,99,151,123,1,114,196
167,125,50,56,22,103,80,4,156,196,84,162,0
58,195,94,151,162,62,149,23,93,143,141,118,157,185,34,97,138,162,1,148,133,155,109,22,106,131,40,96,41,116,91,99,153,184
162,165,87,57,43,60,134,49,63,120,82,115,25,120,73,96,182,110,24,84,0,22,148,177,126,9,84,123,132,154,158,25,31,58,175,90,66,119
120,28,122,42,82,79,85,34,11,133,184,68,51,156,174,113,193,198
141,196,118,144,143,37,110,60,50,15,114,19,169,24,189
173,43,46,105,112,103,151,101,103
95,88,30,152,105,93,94,11,194,176,178,42,118,165,194,123,166,148,172,126,103,22,43,128,104,141,186,123,151,115,153,196,50,139,29,187,59,144,46,6,90,11,178,157,32,184,75,65
85,98,194,154,153,142,136,194,197,175,24,99,127
178,68,84,164,183,155,178,0,23,88,17,79,50,172,71,175,25,183,190,146,180,158,136,26,128,85,129,27,66,72,54,168,88,189,161,22,24,108
140,81,47,119,134,158,59,28,9
30,4,79,153,108,101,188,136,182,43,178,38,98,181,146,82,119,28,35,198,32,137
97,23,25,157,87,21,136,18,132,103,197,39,133,66,155,109,126,79,185,78,199,106,70,153,93,154,166,65,59,116,35,26,185,115,103,42,67,55,51,115,132,133
61,140,21,10,41,39,70,99,120,126,95,162,198,91,22,112,30,195,87,131,32,152,31,34,145,121,12,19,75,49,109,128,57,2,4,77,102,180,166,119,98,108,117
107,192,134,123,49,31,182,81,121,53,30,144,14,103,142,74,118,38,177,117,106,114,135,154,43,67,104,56,167,181,143,92,32,171,157,136,183,17,76,4,142,168
129,156,158,104,94,112,14,145,131,121,16,151,47,28,146,111,83,149,112,76,99,49,35,24,164,180,117,60,147,88,199,149,103,61,127,18,66,4,185,114,56,161,84
135,79,120,122,123,134,195,154,118,60,197,14,45,60,149,151,69,55,91,143,139,107,175,90,199,105,160,53,174,103
134,156,108,124,59,179,161,129,75,190,177,134,55,119,168,120,54,137,170,2,50,101,40,24,42,95,20,67,68,74,188,12,193,149,17,125,50,157,81,104,118,160,124,181,125,164,53,9
114,143,43,87,176,101,147,50,56,117,198,91,134,42,74,175,184,5,8,197,65,109,64,82,142,89,157,76,33,143
77,70,75,146,95,163,138,186,158,7,12,183,163,106,2,183,181,86,2,75,119,162,40,172,46,14,177,196,95,189,130,57,185,198,103,177,142,92,156,131,73,155,118,157,196,199,113,138
137,42,46,151,169,199,162,94,85,4,8,66,59,82,34,166,120,102,124,117,159,95,34,74,167,93,8,44,3,96,132,34,152,1,157,39,22,27,85
77,19,76,24,118,47,184,65,131,25,61,102,58,13,196,103,182,33,89,151,133,156,136,43,185,128,189,72,28,190,69,143,72,99,43,30,13,85,35,128,172
10,113,33,183,125,160,31,73,76,41,144,191,88,130,199,94,91,117,55,115,185,83,85,166,55,16,45,37
118,61,192,141,22,30,97,70,165,142,196,66,86,67,168,122,5,177,24,177,101,165,39,48,196,137,142,71,194
114,161,60,157,130,148,82,11,156,33,199,170,99,51,179,181,88,49,80,196,199,39,40,74,182,121,8,98,133,24,22,181,96,113,26,182,89,39,0,70,184,50
118,45
144,185,98,15,101,155,165,20,24,163,153,76,122,182,51,46,90,21,73,134,44,147,154,73,7,93,6,71,4,50,38,88,130,139,121,22
104,85,54,45,174,159,137,83,43,17,144,197,13,118,112,194
149,158,148,149,161,174,16,165,49,87,32,40,181,133,83,36,96,28
128,32
50,138,165,121,29,85,179,92,138,149,137,153,81,193,80,111,185,151,79,61,72,101,54,24,0,77,164,48,125,114
14,118,120,173,111,36,56,189,131,183,22,175,199,179,18,19,136,69,64,193,113,139,43,160,94,169,150,120,32,17,154,36,157,14,87,185
49,162,26,136,139,62,66,52,176,46,141,16,24,167,8,56,12
44,91,85,52,102,79,98,115,61,41,68,100,14,69,95,175,26,167,169,5,25,126,189,57,174,154,106,96,143,67,107,49,132,1,15,111,110,59,70,144,92,14,136,152,142,149,190
4,105,153,79,179,190,171,54,130,146,49,42,176,120,46,150,96,182,41,183,11,116
184,94,166,6,87,27,125,161,125,67,99,141,116,112,140,85,10,147,64,165,156
31,113,153,115,144,191,147,50,117
87,150,181,118,74,196,38,91,12,171,101,155,195,199,4,182,192,137,158,168,85,163,17,124
2,96,101,197,3,103,34,100,177,49,103,95,103,72,91,86,87,126,17,167,103,135,52,57,198,54,42,164,99,159,94,68,67,90,35,48,121,5,146,62,105,4,61,191,192,167
98,108,176,4,77,30,42,107,161,85,96,177,17,39,198,134,170,63,34,35,54,95,113,27,130,115,72,189,94,25,87,123,126,143
10,141,192,4,11,155,184,32,10,151,98,86,109,164,156,26,157,150,157,41,86,113,105,92,5,161,197,44,133,101,180,170,34,40,18,159,131,101,196,188,176,53,52,127,1
138,114
87,154,28,17,31,164,21,56,159,101
68,15,11,112,143,10,173,140,25,49,192,51,66,142,159,140,194,177,19,194,82,18,143,46
175,31,76,191,34,152,70,110,3,182,188,31,102,175
171,21,63,181,132,113
13,40,123,47,74,10,45,147,94,91,135,44,78,97,101,141
170,10,95,122,16,189,103,158,36,75
98,67,114,116,158,98,72,75,135,148,91,176,115,165,44,43
101,188
66,162,69,65,122,10,31,172,92,99,47,99,129
180,84,82,114,157,55,36,53,179,102,184,96,124
43,84,41,147,195,167,160,124,167,63,121,83,161,165,177,195,179
174,132,79,49,112,31,125,103,0,190,21,101,97
75,24,182,88,159,24,103,66,161,77,102,167
67,41,108,9,103,61,19,126,55,129,102,153,0,66,168,37,117,72,132,126,6
114,173,156,165,145,158,169,24,147,142,47,71,98,53,139,159
133,186,199,64,127,38,117,142,59,99,184,163,140,102,183,132,158,182,106,16,118,25,130,39,153,97,74,15
165,8,158,85,60,123,60,21,199,15,136,105,58,142,61,143,133,127,153,176,25,150,140,97,158,55
21,93,138,132,189,160,117,135,167,30
41,151,125,43,171,49,119
175,129,1,73,30,81,55,197,91,73,147,62,134,20
61,110,100,80,167,186,192,87,195,164,92,136,0,58,94,46,38,116,68,26,55,76,96,134,121,59,167,90,97,185,22,106,149,154,110,74,126,81,11,108
54,127,96,14,113,143,130,189,145,27,145,182,65,37,2,127,9,188,86,3,146,43,13,41,108,142,137,152,0,155,92,101,36,37,19
130,62,134
127,172,119,112,142,5,157,70,118,79,23,180,157,15,89,84,16,53,97,19,100,63,124,12,23,104,34,170,131,77,82,114,88,58,85,157,119
124,80,11,44,24,8,20,102,195,141,87,158,135,84,116,57,142,79,141,3,165,92,178,18,53,88,168,91
9,189,181,162
164,3,171,29,95,60,143,140,32,11,21,139,191,197,99,26,133,47,127,145,17,4,147,47,117,113,118,129,122,112,88,78,16,100,195,151,53,183,153,49,32,116,95,63,120,176,12,39
58,69,159,33,26,74,51,192,171,68,146,112,73,61,195
177,2,59,6,37,71,124,76,104,137,30,24,1,110,103,141,154,90,186,146,117,165,28,196,30,19,2,101,67,32,186,187,198,86,55,151
122,196,117,82,109,66,149,48,174,6,142,47,109,134,193,156,80,157,135,71,69,39,131,20,75,156,74,91
133,21,131,19,60,86,177,45,59,117,17,62,185,157,70,161,121,40,161,2,61,125,1,13,175,158,43,157,71,155,18,85,3,148,24,16,66,102
192,62,30,3,28,34,85,142,165,139,25,47,63,56,183,196,38,109,188,20,58,116,107,129,150,64,184,129,1,78,98,46,171,61,31,111,156
12,68,16,80,73,138,54,87,22,56,189,101,22,41,44,83,92,177,175,47,46,73,74,157,127,22,195,76
105,72,179,164,85,104,32,180,105
163,49,185,188,193,89,8,81,108,81,46
17,4,5,17,106,56,189,103,36,112,197,80,121,122,103,51,135,88
18,42,184,58,195,138,147,81,40,146,9,129,109,24,166,128,90,49,106,48,153,31,30,179,103,2,115,79,37,198,119,82,3,30,38,132,145,74,161,10,6,5
141,170,184,190,49,39,170,114,170
33,115,62,75,81,132,198,173,64,96,142,80,156,39,30,63,74,117,92,14,23,25,23,142,158,181,123,104,155,189,165,7,182,44,52,148,109,160,59,194,87,95,135,154,32,90,85
33,111,105,4,173,168,185,148,71,136,185,72,132,67,0,190,47,99,17,28,136,127,47,5,78,76,131,57,182,91,190,178
82,35,168,54,71,154,54,149,121,5,146,52,101,93,58,158,16,89,79,189,167,101,185,168,148,157,14,191,78,107,198,88,16,71,15,37,186,34,57,72,139,134,41,45,110,146,65,118
130,73,60,83,31,112,4,159,61,106,160,140,196,75,70,3,71,10,64,108,188,182,175,142,187,92,66,55,46,160,156,180,77,130,186,182,15,155,99,20,85,95,121,39,78
189,0,2,129,6,90,109,92,39,126,198,191,181,11,160,81,13,21,149,14,175,13,91,174,46,81,131,71,169,199,143,94,180,181,121,126,78,6,193,70,181,48,43,112,189,43,141
157,109,81,58,121,13,171,24,36,98,80,137,129,136
141,169,30,90,13,91,122,186,165,93
34
177,14,26,36,98
150,93,170,42,107,80
109,47,49,158,55,150,17,118,140,12,160,36,145,192,165,155,29,139,32,180,186,167,105,123,93,116,12,164,14,6,72,192,190,123,113,4,125,158,99,110,93,87,56,136,138,57
65,70,54,97,10,16,103,175,196,191,185,61,120,83,118,44,102,43,11,190
112,106,163,121,82,140,49
62,146,100,183,50,68,171,138,39,118,71,147,174,26,54,145,28,65,34,138,102
91,193,191,140,127,18,169,139,134,50,49,58,15,153,89,96,97,111,60,4,157,27,76,155,170,20,194,10
89,53,81,189,18,101,5
138,168,163,149,88,143,33,188,124,125,12,106,49,165,59,100,78,43,88,133
11,8,71,100,155,138,57
160,17,191,173,49,2,60,44,149,41,124,28,169,72,106,166,138,104,189,89,101,171,17,87,195,132,115,67,93,179,148,20,82,47,24,68,180,63,38,97,164
7,36,106,22,163,13,195,143,77,197,66,32,105,134,69,173,86,24,101,103,188,145,80,4,109,159,197,198,30,59,53,162,165,124,181,165,177,26,193,114,50,151,119,193,76,30
11,59,174,99,73,23,118,199,18,93,192,143,188,41,73,70,108,42,54,46,155,35,10,153,87,35,173,87,79,7,47,57,175,66
3,18,177,121,143,171,150,134,96,153,43,121,172,77,131,176
107,76,103,80,31,176,185,53,43,104,93,31,10,16,164
159,47,4,46,199,87,77,46,65,95
84,0,138,86,84,67,71,163,63,81,26,59,54,71,90,163,80,22,118,196,71,163,66,86,122,77,153,130,172
39,189,168,152
36,174,66,173,94,95,17,107,143,96,125,49,183,169,20,43,186,140,44,0,123,165,145,19,143
1,68,156,72,132,27,97,48,90,131,166,150,91,39,158
120,123,12,39,12,136,160,58,27,157,139,131,4,196,148,74,57,47,89,49,10,176,192,148,180,66,16,116,32,44,70
153,118,101,41,112,158,17,106,168,24,137,113,114,176,26,191,193,115,30,127,188,45,91,5,123,36,132,3,58,165,43,1,0,87,173,12,77,177,100,146,23,65,55,56,59,29,121,49
46,180,140,199,93,194,64,88
84,105,146,113,37,40,59,162,171,149,181,50,34,158,104,107,98,34,160,102,11,73,187,118,84,125,50,134,119,75,70,172,52,169,155
159,76,111,25,72,62,144,85,145,22,76,41,49,58,56,33,5
10,78,21,54,163,156,42,136,139,145,197,187,162,159,98,30,189,51,184,92,127,85,53,46,84,110,80,48,119,165,41,182,58,97,81,24,102,67,10,160,22,96
141,155,62,18,14,21,177,152,59,75,164,108,106,123,162,178,70,38
172,95,111
177,189,102,88,182,46,81,99,88,160,118,109,131,42,74,32,80,199,86,104,39,6,93,142,179,192,154,27,120,47,101,117
105,29,80,23,4,50,42,27,95,48,175,187,172,16,119,87,156,160,88,160,84,194,187,117,4,155,29,145,107,49
109,31,129,98,39,9,155,199,71,113,65,128,120,28,42,109,46,95,79,155,56,28,59,135,188,99
179,159,9,48,192,3,45,94
37,92,198,147,63,195,69,174,99,117,66,198,156,138,29,181
12,38,101
26,171,47,61,112,68,33,133,132,61,106,196,124,72,92,5,141,131,18,68,58,35,64,161
163,112,97,58
29,98,192,168,152,53,9,92,158,64,90,141,97,65,120,140,119,17,178,51,108,12,110,189,86,73,132,131,107,80,40,184,46,198
119,157,17,98,188,179,148,125,96,7,144,165,78,158,13,66,31,24
152,105,120,137,114,169,59,185,106,199,191,125,128,23,162,49,74,141,87,161,57,102,6,16,14,108,124,18,125,61,176,126,169,62,93,184,124,123,113,92,91,71,141,78,57,145,49,174,62
118,2,137,145,160,86,164,67,136,177,106,131,161,170,174,117,182,166,153,61,118,120,78,83,101,22,87,199,8,6,35,155,113,149,183
15,6,40,29,67,31,108,102
168,46,60,72,90,144,27,98,185,4,101,13,46,26,37,185,192,16,150,73,54,126,67,35,45,176,137,188
105,165,92,177,2,29,0,128
142,11,56,117,72,157,119,11,119,52,174,93,90,164,180,143,199,149,142,78,174,24,126,9,106,137,16,168,84,171,125,126,15,195,114,88,168,40,70,195,121,1,47,150,137,53
88,38,132,78
177,83,42,74,14,29,107,147,158,124,104,130,35,20
154,180,84,54
84,172,161,34,53,61,45,69,122,197,105,152,147,131,34,74,198,108,21,1,117,196,175,66,187,66,123,82,52,86,188,84,153,10,93,41,97,23,33,175,37,13,187,195
95,162,40,33,116,164,165,15,96,65,173,123,16,194,120,14,1,160,87,93,72,23,7,40,96,118
129,106,114,44,97,76,105,81,64,39,62,148,160,142,108,50,165,128,54,174,40,57,126,99,69,184,16,6,88,130,49,16,98,79,0,184,1,74,139,39,89,123,21,55,16,61,186,163,96
107,174,136,18,145,153,41,195,106,52,185,23,187,181,51,67,194,60,164
102,20,115,49,30,74,110,92,16,46,117,50,12,187,178,179,122,178
120,93,150,175,99,51,190,11,29,113,96,1,121,174,83,104,79,61,139,151,39,188,177,70,158,59,172,72,24,54,138,105,14
72,197,91,62,103,52,71,141,132,33,144,143,198,59,45,113,31,63,18,13,161
164,24,184,57,71,70,157,80,128,33,78,81,99,195,123,144,160,109
86,9,186,68,21,159,104,74,13,48,15,147,190,171,15,133,59,181,115,172,181,64,147,37,77,99,118,37,130,59,84,25,123,182,96,53,114,79,147
168,16,136,110,148,101,121,167,49,108,3,95,82,10,27,36,144,13,64,118,182,86,38,94,86,139,114,170,160,164,121,26,23
188,137,3,37,35,139,53,1,54,118,142,91,23,58,50,104,112,128
35,107,137,102,95,61,8,153,59,100,152
176,96,148,118,111,114,191,119,68,103,138,18,75,77,182,100,158,146,107,69,41,68,66,169,158,45,82,106,185,162,33,2,191,164,193,166,27,129,95,188,38,122,4,2,1,86,50,175
37,178,162,71,30
163,117,181,174,108,13,198,166,186,128,54,50,164,21,195,98,141,90,114,19,38,49,135,157
94,92,17,153,109,152,77,183,61,68,59,132,159,109,146,199,42,158,6,5,6,110,165,24,188,192,196,103,186,73,145,120,129,155,45,183,88,81,112,3,19,130,100
27,119,110,171,76,182,110,132,119,199,53,17,32,133,145,94,144,66,39,18,189,0,12,101,5,184,169,10,23,66,139,118,46,102,43,156,158,195,75,116
135,161,188,56,191,169,84,122,47,38,198,15,45,123,192,117,44,152,106,31,79,98,133,24,40,79,110,49,69,198,196,1,100,135,43,20,78,186,127,23,100,72,193,100,30
190,117,119,73,49,186,89,30,179,66,6,159,55,29,9
30,130,121,136,28,72,88,180,55,157,78,66,101,29,191,78,160,98,97,117,185,98,160,45,101,197,161,97,121,129,31,5,55,123,74,60,173,55,194,57,140,23,161
47,109,126,180,16,116,13,181,140,110,164,116,196,197,176,130,163,117,91,166,94,125,186,98,153,171,76,94,117,154,110,194,115,169,128,102
16,90,183,139,190,78,135,40,138,30,26,58,17,116,30,148,38,54,104,185,65,120,131,156,196,16,96,42,5,19,111,103
32,125,26,120,99,48,194,110,46,72,167,22,18,66,10,61,77,137,17,45,14,116,46,68,168,49,18,71,74,127
133,159,39,37,61,34,56,125,53,2,63,188,0
82,15,111,69,31,133,162,121,80,149,17,58,190,153,133,189,164,182,60,110,136,110,114,57,37,91,51,37,160,63,119,49,32,131,42,108,164,44,62,130,38,198,90,80,127,61,109,67
135,4,191,37,115,24,111,166,48,58,94,22,136,87,18,98,111,57,188,97,178,173,182,1,30,148,187
183,153,86,137,195,15,18,47,84,53,163,84,37,139,54,100,38
189,75,144,111,85,57
37,96,133,16,14,146,17,136,13,112,131,55,168,128,126,28,82,141,150,14,44,91,39,18,64,176,75,183,1,140,144,4,77,168
8,184,82,110,139,119,78,20,80,42,71
13,157,108,139,155,58,111,38,78,119,4,100,134,168,55,115,9,169,113,118,119,180,125,124,111,129,182,8,164,49,40
23,9,132,9,139,29,191,190,78,196,184,42,23,144,63,120,10,64,131,105,43,119,16,197,79,45,83,51,24,17,107,143,76,153,103,22,162,138,54,149,148,103,173,187,198,100,35,66,111
166,154,84,142,110,17,24,16,72,68,41,172,173,52,66,34,89,7,199,113,185,40,106,52,117,118,87,174,197,47,143,64,87,195,33,87,190,21,9,76,44,184,6,147,173
139,81,190,51,49,118,115,157,96,95,159,171,104,81,151,126,118,179,67,162,38,1,69,80,174,156,33,134,21,33,183,177,74,180,93,105,174,13,0,87,64,19,154
57,130,111,134,173,137,46,13,59,16,28,162,189,176,128,43,24,108,59,22,82,49,139,162,156,133,25,189,154,157,22,26,170,132,60,19,43,127,103,79,73
178,164,66,1,7,46,154,2,140,101,94,108,19,44,55,22,112,34,101,143,150,86,76,180,60,71,166,188,148,50,10,57,24,196,93,88
138,109,11,146,110,44,45,188,69,31,73,0,26,69,13,173,184,193,23,136,142,152,109,132,180,152,101,120,143,121,144,177,141,140,163,156,100,162,86,116,84,66,135
40,55
137,116,90,1
93,164,31,25,189,96,154,143,9,30,119,150,155,176,30,83,199,25,50,109,121,76,67,74
29,33,50,81,109,163,193,66,123,102,72,8,86
21,49,91,13,64,17,191,51,107,52,9,83,119,108,112,28,176,97,50,179,178,108,10,108,184,53,13,45,49,18,70,141,159,52,26,160,115,96,79,67,131,32,60,66,130,197,172,85
41,44,169,156,67,14,50,97,110,3,70,80,108,185,129,144,39,91,41,75,182,142,135,168,77,36,189,75,40,181,156,85
79,53,150,41,90,52,172,162,37,156,88,91,185,46,14,106,57,72,46,138,8,4,62,137,20,91,15,164,83,75,113,153,146,127,72,47,131,39
81,14,133,130,174,121,25,155,149,53,152,173,40,138,99,35,173,120,8,154,82,42,78
158,4,6,143,23,30,20,150,137,160,95,114,119,194,33,188,39,75,64,12,38,30,50,39,178,37,145,73
194,137,64,176,134,169,171,63,98,154,7,48
34,155,140,125,151,192,137,179,95,115,91,107,91,141,117,66
54,163,127,107,128,20,178,193,123,181,32,108,104,40,75,146,42,37,178,18,180,99,120,195,148,177,140,18,169,15,49,180,27
144,154,89,103,20,35,24,23,111,99,85,100,189,114,85,139,96,178,160,68
39,21,146,144,145,151,142,140,84,92,77,105,195,123
81,124,189,197,135,58,103,32,64,178,110,154,17,199,144,3,68,170,156,113,78,98,59,109,14,94,184,37,113,168,31,39,95,173,110,13,159,90,184,116,23,180
80,15,112,182,87,126,146,36,169,69,158,193,93,169,157,136
21,122,197,128,187,43,5,2,187,188,82,169,78,73,123,29,69,83,91,101,27,61,82,146,197,72,95,90,141,93,29,10,0
84,17,170,36,17,118,82,23,181,166,171,183,44,6,175,19,33,17,142,62,82,122,182,161,121,54
68,147,49,71,160,199,165,37
52,106,26,6,109,61,198,53,155,78,12,3,116,46,193,106,146,72,136,35
175,181,124,43,155,46,119,190,161,15,145,137,41,184,145
154,174,193,187,2,185,48,21,102,143,38,25,2,37,47,73,67,116,15,74,0,58,149,179,105,16,80,40
128,10,82,106,177,176,114,71,158,85,96,31,18,185,125,101,195,134,2,130,12,39,90,136,44,18,176,56
32,74,49,11,141,63,73,124,91,94,192,198,21,68,127,142,156,9,22,170,155,79,81,1,118,78,73
186,3,70,157,144,90,179,93,69,65,74,172,57,186,105,167,145,70,89,22,161,171,153,98,84,14,94,55,73,37,99,154,136,97,123,161,190
175,99,36,140,152,26,131,20,163,89,24,74,191,6,12,60,85,94,122,98,4,14,103,16,66,67,192,99,59,31,73,59,4,147,45,152,12,78,141,167,68,74,81,31,173,21,127,150,151
88,116,174,115,59,193,125,46,197,84,193,123,32,62,86,44,34,101,147,150,169,12,18,59,143,151,6,16,131,181,132,95,73,110,4,168,110,19,174,7,155
34
124,185,59,144,79,0,185,72,120,2,22,105,186,170,164,158,102,166,133,14,75,34,17,84,33,23,165
161,91,49,174,109,36,154,165,174,54,31,22,80,71,74,24,32,187,188,115,166,36,13,171,108,84,1,21,174,159,109,158
172
53,126,152,55,170,73,189
38,125
193,190,124,37,189,45,122,57,27,74,130,70,51,196,105,87,49,183,39,33,197,139,194,147,120,61,98,44
140,150,192,188,45,55,25,163,194,47,117,24,109,129,150,172,159,24,132,98,130,18,137,135,14,147,118
116,49,82,25,164,45,160,106,128,73,119,6,73,168,47,71,103,101,175,39,95,180,25,54,27,20,174,164,37,20,39,116,165,107,165,51,114,64,192,128
134,147,189,55,149,69,139,124,36,62,37,175,112,22,10,197,129,41,77,85,34,89,107
144,121,136,44,111,113,133,106,168,164,35,86,56,84,34,192,114,13,47,93,75,140,161,184,34,113,175,139,117,68,80
170,35,5,62,138,42,160,161,17,184,133,58,159,152,80,185,2,148,30,93
135,126,82,2,76,144,110,60,12,120,43,127,194,159,176,113,164,39,126,6,17,145,39,133,186,187,50,153,33,54,120,139,54,23,134,27,161,115,153,113,63,183,102,159,89
43,90,130,113,121,163,98,161,95,192,70,141,164,77,48,126,172,85,82,6,23,133,173,90,151,69,195,43,162,117,110,91,179,11,83
11,45,192,10,177,22,39,102,68,22,58,121,187,134,177,184
174,17,66,118,25,34,49,182,94,72,58,7,169,124,2,75,3,165,86,67,92,82,188,149,21,126,115,155,141,115,159,59,2,111,182
44,98,167,153,169,65,143,149,126,25,42,131,2,161,81,66,120
76,78,28,49,147,171,7,164,54
172,82,129,177,44,135,80,119,66,126,141,13,96,79,62,30,17,132,164,7,109,114,152,73,165,185,32,34,81,42,67,53,111,31,103
112,29,104,176,59,79,76,157,122,44,61,60,33,41,115,100,132,186,86,73,145,25,106,68,140,77,10,71,144,120,111,182,57,133,89,22
192,155,197,162,31,171,193,83,81,48,191,172,161,122,178,7,15,29,21,165,80,89,59,181,170,118,160,4,56,17,55,198,30,54,183,127,6,127,111,152,155,153,78
155,112,110,22,70,80,94,56,122,65,170,182,166,108,79,15,180,52,72,183,39,7
160,130,120,136,98,81
163,113,129,185,141,126,135,124,138,0,141,24,14,76,5,165,73,145,62,115,150,125,187,23,125,109,21
71,114,41,94,188,23,29,82,17,56,4,65,129,49,53,47,74,80,161,19,159,33,17,33,102,0,156,5,13,47,103,82,55,99
129,148,159,189,139,94,96,183,25,65,138,36,145,5,22,64,136,49,129,15,199,14,9,65,10,92,177,6,30,118,189,99,175,42,124,39,126,191,27,6,129,44,25
27,167,13,10,19,152,19,38,194,80,135,197,159,10,167,132,28,148,136,71,183,151,65,1,50,39,163,107,17,167,88,41,14,174,124,33
150,92,109,159,93,60,192,47,69,67,22,192,39,131,87,128,158,154,116,103,126,81,45,35,150,191,145,115,121,179,131,87,173,61,170,125,66,158,6,173,78,61,87,110,126,46,133,131,187
136,148,78,58,179,65,59,169,9,111,120,18,182,106,43,81,21,146,32,123,139,131,144,9,153,7,49,180,7,42,99,7,131,108,53,83,44,80,1,192,56,28,173
58,31,135,40,73,39,191,194,144,115
169,164,34,73,72,27,81,187,4,152,52,182,11,49,150,79,69,38,16,97
27,69,72,10,21,76,44,148,103,117,0,76,128,14,87,57,104,8,17,144,74,154,104,176,161,137,118,57,92,123,104,199,132,45,107
9,7,79,8,141,127,139,180,150,177,38,89,54,141,133,93,29,52,144,134
37,22,115,60,35,81,63,187,178,49,175,142,112,146,67,106,122,29,48,27,41,152,176,34,7,31
165,49,50,153,69,140,9,147,73,194,138,158,29,24,156,126,138,16,13,174,197,68,107,37,70,31,78,130,26,63,39,77,145,124,21,141,137,88,26
105,167,183,106,59,133,195,10,97,73,117,128,171,29,144,84,124,159,138,132,133,72,164,91,158,88,184,17,35
170,125,95,84
12
38,92,24,117,114,1,99,96,88,159,196,11,73,103,170,187,154,2,135,169,182,1,26,43,0,64,41,65,99
197,97,130,120,81,170,111,47,106,198
161,18,7,78,62,184,35,98,195,169,73
163,172,1,138,90,104,29,85,8,27,20,4,115,69,149,186,107,182,167,48,132,77,129,149,146,60,19,29,66,184,6,64,91,184,14,92,73,79,24,138,146
146,75,177,165,111,136,53,125,88,147,142,101,163,41,50,188,135,98,175,104,102,119,117,166,160,89,78,100,189,178,34,113,80,196,1,155,42,43,103
155,188,114,158,35,181,146,21,23,47,117,160,62,17,79,165,178,8,131
81,165,152,27,8,69,43,194,42,94,22,198,20,85,199,115,132,64,153,138,124,137,181,131,178,193,52,154,145,122,145,136,69,112,198,165
42,138,20,181,5,43
71,183,21,4,19,48,103,96,149,13,165,11,84,79,82,107,151,155,39,188,72,122,80,93,164,155,154,29,159,44,76,145,12,137,29,102,144,192,171,27,99
195,95,175,74,24,119,109,195,112,36,40,99,161,171,175,161,81,34,125,8,83
18,192,144,135,40,46,17,6,32,137,48,108,64,134,21,152,20,169,59,77,111,164,197,60,12,77,109,6,178
41,104,45,23,18,180,197,25,157,124,64,10,168,105
159,73,17,15,191,188,91,54,104,65,0,132,21,186,120,144,188,100,30,184,84,117,199,125,158,74,2,39,84,25,98,188
176,194,154,157,1,51,129,22,165,174,189,125,131,33,151
147,39,32,100,183,121,146,133,182,5,78,7,100,57,98,69,66,67,160,147,116,33,88,22,142,128,16,25
108,146,126,42,166,114,6,117,171,102,157,2,178,171,148,142,187,189,97,151,34,119,95,49,99
147,94,125,152,189,10,57,190,14,56,122,7,26,152,54,2,76,191,7,167,193,171,141,165,4,156,24,143
124,83,197,2,190,82,58,155,161,48,3,34,53,110,188,137,4,138,191,121,59,40,71,44
49,99,36,32,52,162,29,121,69,54,149,38,154,145,125,157,91,175,14,98,90,85,18,128,117,132,61,101,21,55,7,102,138,167
174,181,99,60,49,81,165,174,158,17,71,34,130,196,167,3,160,103,64,162,53,2,175
61
128
181,43,131,122,95,164,192,9,66,51,116,51,116,195,95,121,24,175,180,10,141,71,184,0,74,168,111,184,119,104,166,23,73,153
142,67,21,165,162,182,156,91,95
5,166,179,116,24,84,172,187,168,76,85,8,99,150,143,77,29,157,185,126,62,170,74,117,43,177,88,44,104,24,74,170,20,73,61,196,56,173,22,90,63,150,64,115
125,119,32,92,74,114,68,162,46,151,133,157,109,62,101,59,186,42,154,102,184,102,99,13,45,101,185,47,174,120,98,128,97,105,197,179,86,104,90,195,133,48,63,130,158
117,53,132,192,120,115,85,74,104,81,13,1,59,90,188,95,132,124,4,80,118,197,184,193,176,103,142,30,197,5,59,149,99,58,19,122,45,156,145,121,74,195
138,65,22,107,76,42,80,64,97,59,96,143,53,155,73
25,116,152,145,58,62,195,48,10,94,72,140,7,24,23,108,159,60,41,46,145,129,51,41,57,166
2,56,79,172,40,157,158,175,87,138,163,99,128
76,174,124,146,190,27,25,82,58,105,43,137,63,110,71,42,136,176,143,63,198,42,91
74,105,132,177,11,141,142,41,153
146,141,98,149,117,14,13,40,120,78,161,147,185,169,153,111,169,76,9,172,78,142,156,20,12,192,50,87,159
100,76,130,15,109,19,199,89,191,44,13,185,106,103,116,103,80,148,86,188,146,67,79,185,132,151,19,132,36,127,31,5,13,51,50,17,122,65,196,158,22,195,69,144,138,86,82
198,65,95,160,142,113,79,144,37,107,108,18,61,184,30,51,14,32,154,94,114,145,29,121,11,28,30,117,191,17
146,21,105,79,148,27,173,108,98,165,138,37,177,148,55,140,154,98,159,23,195,9,30,134,182,166,61,106,88,30,112,83,46
161,55,16,57,127,87,196,34,163,168,192,196,2,1,127,166,38
28,141,88,168,64,49,5,153,105,166,114,2,102,110,16,24,129,178,35,46,145,144,188,125,60,44,3,83,38,192,55,141,105,32,104,78,48,146,108,156
38,43,2,11,127,135,1,57,73,194,76,127,106
149,169,119,26,20,74,136,170,176,153,42,122,163,31,87,116,140,50,105,53,20,10,21,139,68,74,65,134,124,68,131
173,136,54,32,38,59,90,105,30,130,126,88,160,109,156,90,175,10,78,72,85,28
162,18,32,75,17,41,194,161,92,115,144,81,48,181,194,2,166,63,17,19,21,5,72,41,128,129,162,167,199
112
30,135,13,144,90,81,48
74,87,27,10,141,188,106,127,32,81,160,147,125,139,74,154,49,36,8,5,116,189,34,137
67,71,74,99,95,61,174,168,127,72,20,53,175,22,172,54,119,44,118,152,164,90,182,19,197,185,193,109,50,119,183,25,52,117
53,7,46,74,7,91,50,121,122,163,162,85,40,187,62,40,14,32,150,0,85,14,12,114,150,98,157,105,177,25,133,115,5,96
18,42,109,155,165,169,38,37,183,22,135,189
194,190,41,63,119,99,26,172,71,132,117,187,38,4,2,138,21,179,171,170,101,192,112,141,76,163,60,70,188,173
105,13,119,192,79,127,133,167,145,144,49,103,182,100,20,117,114,170,91,47,26,43,37,81,199,25,86,84
48,80,170,79,104,143,129,190,46,189,56,159,147,183,190
70,139,155,140
137,80,185,119,193,132,10,32,163,70,124,89,43,104,43,1,34,14,173,28,111,60,50,28,49,149,2
30,179
186,77,163,53,193,62,28
28,13,98,158,119,103,79,160,119,193,96,23,128,170,152
150,107,168,172,186,133,166,57,48,113,8,9
70,83,23,194,85,196,116,85,158,36,3,194,63,162,150,128,92
139,124,3,91,118,36,113,83,187,73,184,102,72,16,19,31,175,83,94,103,99,30,23,89,115,6
93,33,80,141,50,54,26,46,106,20,95,60,87,117,65,161,191,79,36,162,0,45,113,61,39,55,144,185,193,135
160,99,184,39,79,33,88,73,50,97,60,16,9,166,181,130,170,22,27,151,106,19,172,135,153,70,10,149,62,161,64,124,64,71,101,14,128,185,24,116,142,126,52,9,175,93,156
191,8,120,160,23,132,72,137,150,148,156,118,137,9,162,26,113,70,179,90,150,191,148,0,44,77,199,70,161,156,94,31,198,153,147,59,80,56,172,104,1,177,157,193,32,45
194,41,186,61,184,172,118,70,15,146,13,11,91,47,103,142,117,164,37,23,131,92,35,15,153,135,105,117,40,19
119,33,164,111,132,189,122,52
73,44,154,30,171,156,143,48,194,89,142,153,54,39,52,149,171,113,96,114,2,43,84,133,122,0,157,6,31
51,96,196,11,140,76,101,192,151,100,190,197,30,7,166,115,41,82,118,98,194,36,112,63,135,192,178,87,34,129,33,58,72,170,188,163,94,187,122,148,3
174,58
67,115,32,57,55,145,64,85,106,196,35,76,155,90,162,41,179,190,137,27,113,49,31,196,51,47,170,156,178,85,97,41,83,160
29,27,190,75,154,6,151,26,185,154,29,180,138,153,167,145,132,152,72,84,167,96,52,146,134,12,173,143,29,87,140
78,138,197,62,86,153,43,167,160,131,129,30,148,31,183,113,58,140,17,46,141,117,68
93,72,141,162,196,144,119,198,134,178,136,137,27,19,27,72,8,175,101,23,101,95,0,24,92,11,37,87,168,65,158,111,121
109,113,20,173,139,19,45,116,86,66,178,136,182,31,139,85,157,54,95,134,57,72,11,170,9,53,141,58,170,190,48,198,30,56,150,130,136,68,98,97
54,181,19,120,145,42,172,149,57,153,41,173,107
9,16,115,7,32,151,177,3,52,113,94,108,176,101,162,71,110,181,21,15,102,95,156,37,104,173,154,33,128,54,24,188,192,102,85,133,158,67,76,20,131,157,26,167,51,95,57,113
120,51,16,177,193,132,117,163,102,127,14,109,179,21,6,59,162,28,153,107,22
190,188,171,195,86,138,186,63,131,128,117,40,83,55,75,133,60,150,173
146,2,153,123,88,147,121,64,95,96,179,129,35,128,58,35,57,105,100,15,105,47,174,65,127,50,141,13,133,126,15,140,53
67,90,159,122,165,67,124,78,80,5,33,141,98,7,186,62,102,52,143,65,192,119,148,184,32,64,116,49,64,82,165,1,30,129,48,180,182,188,72,146,97,94,28,18
12,180,162,12,86,67,16,168,1,96,196
38,83,177,186,146,24,81,38,48,0,21,63,99,165,137,79,82,64,129,138,167,88,160,15,42,37,123,64,38,106,19
170,36,165,147,15,170,192,43,97,188,34,24,179,100,156,13,150,137,145,177,77,93,27,199,57,173,162,64,142,37,10,52,108,42,45,140,184
10,96,74,111,110,105,55,173,102,113,75,3,128,25,174,28
153,87,10,58,186,0,118,190,133,21,158,104,48,166,42,139,158,0,103,45,170,174,115,148,116,188,139,10
85,18,133,87,126,155,6,96,0,157,101,115,197,32,116,88,30,23,98,44,5,26,136,86,56,126,148,82,184,21,65,154,115,152,76,11
44,20,26,120,108,169,54,160,67,20,135,106
172
171,126,92,25,8,129,178,101,13,115,75,11,15
187,119,30,96,36,60,169,6,85,154,72,133,81,78,123,114,112,140,48,78,151,20,56,110,143,32,128,87,10,140,48,155,179,43,69,49,168,100,181,119,111,61,63,13,31,158,15,68
117,32,129,188,21,123,0,141,139,2,133,157,156,39,159,35,70,145,118,87,57,76,108,125,150,149,193,11,84,26,198,45,17,39,93,174,168,164,43,126,70,111
36,53,19,138,120,50,73,67,180,24,160,172,173,87,20,53,166,0,6,174,75,44,57,104,161,36,59,99,54
136,74,22,123,30,147,100,152,7,171,4,116,179,136,21,0,84,175,52,144,136,73,168,46,110,199,68,150,55,48,103,72,54,142,156,52,25,65,32,49,3,6
11,82,159,4,192,7,179,121,131,181,130,21,163,99,102,85,91,41,169,177,140,131,23,128,77,100,136,156,126,174,179,178,134,163,14,162,88,68,130,198,30,85,62,196,107
196,9,166,10,183,68,93,117,139,26,190,163,91,8,87,195,108,127,155,143,101,100,43,62,126,173,181,129,156,59,117,49,69,160,84,80,61,63,175,51,147,127,5,177,143,116
96,182,16,87,49,182,61,102
91,6,104,103,187,0,174,22,105,40,181,93,128,192,196,144,39,133,78,64,77,52,108
84,55,0,133,45,119,190,197,96,30
27,131,17,61,97,33,76,106,181,47,120,123,192,27
96,121,182,42,60,129,184,154,66,159,7,91,88,199,22,171
41,160,177,164,35,191,175,34,136,17,114,187,6,198,100,75,161,36,58,104
185,98
11,102,93,78,22,192,86,135,181,80,112,17,27,190,162
4,73,61
14,48,67,115,136,188,130,152,27,19,156,33,28,140,173,65,170,157,64,166,29,82,138,149,57,16,185,130,72,165,22,164,66,79,60,19,24,31,88,6,104,96
28,74,91,35,101,58,23,67,43,142,164,154,123,198,118,150,186,59,88,180,183
0,139,61,185,59,127,60,39,31,153,44,51,144,153,143,65,90,156,18,156,47,138,3,186,167,149,65,89,145,156,158,105,193,122,172
90,32,34,125,177,4,161
33,181,58,119,49,195,14,11,68,87,45,61,184,164,116,5,191,61,155,113,65,80,100,180,18,130,26,192,19,63,165,110,29,52,176,123,63,182,27,147,123,145,187,10,73,175,171,80
24,169,86,131,152,148,14,3,14,25,52,158,13,71,194
162,112,12,92,70,76,152,139,187,164,108,57,146,157,152,185,23,105,96,70,177,51,119,26,125,66,79,1,174,139,119,155,140,177,39,196
81,8,79,90,162,153,62,189,53,136,8,29,141,176,60,101,31,68,104,187,34,79,194,22,168,145,150,41,170,162,143,184,71,199,72,159
122,123,91,73,2,158,17,82,154,19,165,97
115,116,135,182,185,133,177,105,106,75,110,53,164,162,99,157,52,181,26,109,101,50,81,180,195,46,145,124,65
65,184,60,107,161,76,143,173,143,145,182,87,77,33,15,110,89,108,174,75,20,14,77,84,145,54,187,181,112,161,92,60,175,8,115,147
112,115,32,59,45,92,135,127,199,20,70,180,62,100,83,64,97,149,179,116,165,1,34,14,173,183,105,35,43,38,101,63,104,133,20,7,160,32,47,169,26,181,182,35
129,120,189,77,162,28
173,137,16,18,37,136,154,70,179,128,161,131,156,144,18
179,135,35,21,147,151,44,109,16,177,26,78,163,117,119,122,16,148,162,104,40,64,19,10,31,47,184,138,173,164,105,61,148,6,112,102,136,131,196,69,168,109,68
119,44,86,159,115,133,7,111,154,40,66,35,12,159,33,41,62,147,110,83,3,112,161,74,19,116,103,132,26,104,47,144,175,14,157,188,134,25,163,183,58,166,152,159,103,140,197
165,134,181,21,107,3,141,99,85,144,56,90,162,113,53,37,71,196,56,174,65,183,142,73,13,175,108,137
182,109,62,96,35,168,117,59,189,177,30,83,129,100,126,93,175,55,184,133,111,129,15,44,64
155,158,160,7,38,58,142,152,196,86,50,103,46,175,116,16,30,0,32,43,181,193,107
156,139,50,14,100,166,174,184,12,104,16,19,165,183,122,100,148,149,21,121,118
87,187,96,194,105,181,12,75,0,99,12,121,94,164,128,15,118,170,58,133,8,134,193
93,2,74,11,5,72,146,179,44,196,170,124,144,44,23,115,41,137,46,107
132,99,27,199,123,181
73,58,48,18,125,197,113,182,160,12,52,161,195,194,5,55
88,123,114,126,57,147,122,56,186,123,45,110,52,109,106,138,78,51,154,137,23,36
121,79,176,60,116,104,47,40,188,120,35,94,53,162,39,178,151,192,35,91,121,56,187,21,84,79,119,106,42,33,142,67,20,167,132,162,140,27,166,57
163,51,25,129,68,24
175,100,58,61,52,54,176,62,0,196,161
198,146,96,9,8,169,90,40,7,130,33,130,61,151,87
126,140,113,10,17,0,113,60,58,181,136,46,127,38,169
32,81,67,39,141,11
87,61,126,50,157,134,27,37,86,72,176,27,152,170,9,136
173,43,113,119,10,195,170,155,176,77,38,139,131,129,152
44,114,96,110,22,12,69,137,92,128,125,173,116,19,115,152,52,176,10,170,59,115,33,80,23,131,143
43,9,10,56,17,147,180,94,118,84,105,27,118,131,89,156,28,60
74,71,50,42,129,76,195,131,74,80,97,63,66,156,76,156,26,33,23
4,144,153,22,186,69,137,186,125,159,136,159,20,161,90,79,128,143,10,145,12,22,109,147,86,61,186,39,55,163,43,198,18,108,23,111,158,61,20
28,8,31,190,61,37,96,147,96,73,78,146,169,193,48,69
42,74,156
177,184,147,140,70,47,66,44,97,76,20,73,104,193,46,59,16,35,37,62,173,181,33,42,54,128,165,178,38,185,75
68,1,7,94
164,109,107,70,48,128
44,119,25,196,20,6,182,176,174,29,104,47,85,154,33,26,91,106,40,71,149,4,56,82,12,185
122,107,83,46,14,173,22,192,76,41,195,101,140,136,189,110,124,119,71,4,147,118,2,170,134,118,111,53,118,130,89,136,144,188
70,32,108,176,109,57,7,162,182,155,170,118,136,65,61,50,96,35,44,133,73,51,133,117,20,58,70,113,138,25,185,88,156,170,96,94,159,5
33,136,2,156,49,153,110,144,54,112,64,73,95,193,106,11,14,63,134,103,112,94,122,175,128,77,107,21,110,0,130,124
96,179,176,131,120,191,127,148,113,20,169,77,45,60,28,162,161,13,152,111,54,94,151,118,69,165,167,45,149,33,138,186,181,24,92,4,47,92,114,153,118,171,165,191
93,116,181,149,193,161,182,126,78,22,136,115,149,26,96,187,5,189,72,181,1,4,138,154,117,39,45,146,193,95,50,191,2,195,46,8,182,31
11,145,5
185,54,43,28,88,126,135,20,13,25,59,91,181,142,163,181,175,47,195,146,96,185
98,179,59,134,39,74,98,110,182,85,32,154,42,167,46,81,176,123,62,145
110,94,54,27,181,156,88,193,13,51,107,0,2,151,47,165,166,102,128,153,44,75,76,125,8,112,188
166,185,8,97,144,126,50,154,1,144,183,64,183,80
81,16,109,111,149,175,144,76,95,43,178,147,4,51,68,191,96,144
157,142,73,86,71,73,137,106,120,64,171
104,137,0,110,105,80,115,56,32,81,19,175,64,181,1,168,43,70,193,43,104,145,68,123,152,162
5,138,88,123,125,48,58,28,95,65,22,89,15,111,44,196,103,6,114,6,164,154,1
135,52,160,173,133,73,36,142,23,165,175,0,63,172,11,17,51,66
62,2,78,42,9,152,148,116,127,174,97,71,88,1,188,58,146,182,36,110,88,108,192,31,40,197,191,65,7,168,131,3,177,29,63,45,130
77,138,172,166,88,37,183,182,0,117,57,169,183,48,122,154,98
45
131,153,89
107,150,89,91,71,131,22,10,183,142,55,12,24,25,155,115,112,127,7,93,42,35,81,186,104,79,187,59,160,17,13,134,151,17,196,169,28,12,40,80,136,63,196,81,69
10,134,76,84,196,143,67,89,7,165,59,63,156,92,12,96,162,112
9,89,18,195,35,198,81,46,85,100,147,104,174,70,129,118,160,189,31,147,172,68,7,65,88,100,33,134,71,165,16
108,64,97,182,162,178,162,101,154,25,54,184,28,15,100,87,114,136,105,110,2,129,156,122,105,123,135,127,161,69,139,145,18,150,107,164,169,97,145,10
154,54,77,151,191,57,143,21,52,46,4,78,162,184,128,82,17,87,108,112,108,135,61,9,32,91,93,54,187,117,129,96,49,1,49,194,87,172,120,182,59
168,72,141,193,168,189,79,105,106,21,144,124,157,53,127,76,189
70,4,186,61,28,127,69,110,6,47,109,198,24,185,91,35,42,23,182,97,56,42,195,99,69,40,95,86,2,102,7,18,161,157,117,29,193,187,111,186,42,139
41,34,103,188,81,80,134,113,16,74,49,98,50,19,21,26,47,167,149,43,85,125,170,101,62,136,1,16,146,173,140,177
155,48,30
